GEOID,year,pct_high_bp,pct_current_smoking,pct_depression,pct_poor_mental_health_days,pct_sleep_deprivation
01003,2022,,,,,36.4
01003,2023,37.0,13.3,23.9,16.8,
01009,2022,,,,,37.6
01009,2023,36.0,16.9,26.0,18.9,
01015,2022,,,,,42.8
01015,2023,41.5,17.0,25.3,19.3,
01019,2022,,,,,37.4
01019,2023,37.5,18.1,27.1,19.8,
01021,2022,,,,,34.1
01021,2023,39.0,17.1,25.3,19.3,
01027,2022,,,,,40.8
01027,2023,40.6,18.7,26.0,20.0,
01029,2022,,,,,38.4
01029,2023,37.0,18.0,26.9,19.7,
01037,2022,,,,,41.9
01037,2023,40.7,18.3,24.3,19.5,
01051,2022,,,,,42.2
01051,2023,38.2,15.1,23.6,18.4,
01079,2022,,,,,39.9
01079,2023,38.7,18.8,26.1,19.8,
01087,2022,,,,,44.7
01087,2023,48.4,17.9,21.6,19.7,
01095,2022,,,,,40.3
01095,2023,37.5,16.8,26.2,18.8,
01097,2022,,,,,41.5
01097,2023,39.6,15.7,22.7,18.1,
01107,2022,,,,,42.2
01107,2023,43.6,19.0,23.1,19.5,
01119,2022,,,,,48.3
01119,2023,49.1,18.8,21.9,20.0,
01129,2022,,,,,44.4
01129,2023,40.8,17.9,25.5,19.6,
02050,2022,,,,,41.8
02050,2023,39.7,31.2,20.3,20.9,
02060,2022,,,,,38.0
02060,2023,31.2,16.7,19.8,16.6,
02068,2022,,,,,32.3
02068,2023,29.9,15.2,19.7,15.4,
02070,2022,,,,,37.8
02070,2023,33.9,25.7,20.0,19.3,
02090,2022,,,,,36.8
02090,2023,31.7,14.3,20.1,15.4,
02122,2022,,,,,30.2
02122,2023,30.3,16.2,20.7,16.2,
02150,2022,,,,,38.7
02150,2023,30.2,15.0,17.2,14.7,
02164,2022,,,,,40.4
02164,2023,35.0,24.2,20.5,19.2,
02170,2022,,,,,34.2
02170,2023,30.4,17.0,22.1,16.6,
02180,2022,,,,,44.0
02180,2023,35.5,28.7,20.1,20.0,
02185,2022,,,,,39.0
02185,2023,35.3,19.9,17.7,16.3,
02188,2022,,,,,42.7
02188,2023,38.1,28.6,20.3,20.3,
02240,2022,,,,,35.9
02240,2023,32.8,18.0,19.7,16.7,
02290,2022,,,,,40.7
02290,2023,37.1,27.5,20.6,20.0,
04001,2022,,,,,42.7
04001,2023,32.7,23.1,21.0,22.3,
04003,2022,,,,,35.2
04003,2023,31.9,13.4,21.2,17.1,
04005,2022,,,,,32.9
04005,2023,28.4,12.9,22.2,18.0,
04007,2022,,,,,36.8
04007,2023,29.2,16.7,22.9,19.0,
04009,2022,,,,,37.6
04009,2023,31.3,15.5,20.4,17.7,
04011,2022,,,,,37.7
04011,2023,28.7,11.6,19.3,16.1,
04013,2022,,,,,34.9
04013,2023,28.6,11.0,18.9,15.3,
04015,2022,,,,,41.7
04015,2023,31.0,17.1,21.5,18.1,
04017,2022,,,,,37.8
04017,2023,35.3,19.5,23.3,20.5,
04019,2022,,,,,38.8
04019,2023,30.1,11.3,23.6,17.3,
04021,2022,,,,,41.1
04021,2023,31.6,12.7,20.6,17.4,
04023,2022,,,,,36.4
04023,2023,31.3,12.0,16.6,15.8,
04025,2022,,,,,34.2
04025,2023,27.0,12.9,21.6,16.8,
04027,2022,,,,,35.9
04027,2023,31.6,13.7,18.6,16.2,
05007,2022,,,,,34.0
05007,2023,31.7,11.6,23.8,16.7,
05033,2022,,,,,37.9
05033,2023,37.4,17.1,27.1,20.3,
05061,2022,,,,,41.8
05061,2023,39.0,17.6,25.5,20.5,
05065,2022,,,,,38.0
05065,2023,39.5,20.5,27.5,21.2,
05071,2022,,,,,41.9
05071,2023,38.2,18.7,26.2,20.6,
05079,2022,,,,,43.0
05079,2023,42.9,20.2,21.9,19.5,
05081,2022,,,,,40.4
05081,2023,39.7,18.4,26.0,20.7,
05089,2022,,,,,39.0
05089,2023,35.1,18.8,27.7,21.2,
05113,2022,,,,,39.3
05113,2023,37.2,19.4,26.8,21.1,
05119,2022,,,,,39.2
05119,2023,39.5,13.6,23.6,18.3,
05121,2022,,,,,38.1
05121,2023,38.4,20.5,28.1,21.9,
05127,2022,,,,,38.8
05127,2023,37.6,19.1,26.7,20.8,
05129,2022,,,,,42.0
05129,2023,39.4,21.7,28.5,22.1,
05131,2022,,,,,38.5
05131,2023,37.3,16.5,25.5,19.9,
05137,2022,,,,,42.0
05137,2023,37.7,20.9,28.0,21.5,
05143,2022,,,,,35.3
05143,2023,36.4,14.2,24.2,18.3,
06001,2022,,,,,35.1
06001,2023,26.5,9.2,18.9,15.5,
06003,2022,,,,,35.1
06003,2023,27.9,11.6,23.5,17.9,
06005,2022,,,,,34.4
06005,2023,29.3,12.4,23.2,18.4,
06007,2022,,,,,33.7
06007,2023,30.5,13.9,26.0,19.6,
06009,2022,,,,,35.1
06009,2023,28.2,13.9,25.6,19.7,
06011,2022,,,,,34.8
06011,2023,29.6,13.5,21.9,18.8,
06013,2022,,,,,35.8
06013,2023,27.5,9.3,19.7,16.2,
06015,2022,,,,,39.1
06015,2023,30.8,15.1,24.3,19.8,
06017,2022,,,,,33.8
06017,2023,26.5,10.6,23.9,17.5,
06019,2022,,,,,36.2
06019,2023,31.4,13.4,21.3,18.4,
06021,2022,,,,,37.3
06021,2023,29.5,14.2,23.2,19.3,
06023,2022,,,,,36.4
06023,2023,29.9,15.0,26.8,20.7,
06027,2022,,,,,33.6
06027,2023,27.8,12.4,23.8,18.5,
06029,2022,,,,,38.7
06029,2023,32.2,14.7,22.6,19.9,
06031,2022,,,,,36.1
06031,2023,32.0,15.0,20.7,19.0,
06033,2022,,,,,35.4
06033,2023,32.0,15.6,25.6,20.4,
06035,2022,,,,,39.8
06035,2023,31.5,16.2,23.1,19.8,
06037,2022,,,,,35.7
06037,2023,28.4,11.3,19.3,16.6,
06039,2022,,,,,37.6
06039,2023,31.8,14.9,21.9,20.1,
06041,2022,,,,,30.0
06041,2023,25.2,8.4,22.1,15.8,
06043,2022,,,,,35.5
06043,2023,29.0,13.3,25.0,19.3,
06045,2022,,,,,35.5
06045,2023,31.0,14.7,24.5,19.9,
06047,2022,,,,,38.9
06047,2023,31.8,14.5,21.3,18.8,
06049,2022,,,,,34.3
06049,2023,30.9,15.6,26.5,20.7,
06051,2022,,,,,33.1
06051,2023,27.8,11.6,23.4,17.9,
06053,2022,,,,,34.4
06053,2023,30.3,12.1,19.4,17.1,
06055,2022,,,,,32.9
06055,2023,27.7,10.6,21.8,16.8,
06057,2022,,,,,33.9
06057,2023,28.1,11.5,25.3,18.4,
06059,2022,,,,,36.0
06059,2023,26.4,9.3,19.4,16.6,
06061,2022,,,,,33.0
06061,2023,27.4,9.6,22.5,16.8,
06063,2022,,,,,33.4
06063,2023,29.4,13.7,26.3,20.2,
06065,2022,,,,,38.5
06065,2023,31.2,11.6,22.0,17.6,
06067,2022,,,,,38.3
06067,2023,28.9,11.8,22.7,17.9,
06069,2022,,,,,35.0
06069,2023,28.5,10.8,20.3,16.9,
06071,2022,,,,,37.8
06071,2023,31.6,12.4,19.5,17.7,
06073,2022,,,,,34.5
06073,2023,27.4,10.1,21.2,16.6,
06077,2022,,,,,38.4
06077,2023,29.3,12.7,19.7,17.4,
06079,2022,,,,,32.5
06079,2023,28.2,11.3,23.7,17.7,
06081,2022,,,,,28.7
06081,2023,25.7,8.0,18.7,13.9,
06083,2022,,,,,32.2
06083,2023,29.4,11.6,21.8,17.5,
06085,2022,,,,,31.8
06085,2023,25.7,8.2,17.9,14.0,
06089,2022,,,,,38.1
06089,2023,30.4,14.1,25.6,20.3,
06091,2022,,,,,35.0
06091,2023,30.8,15.6,26.0,20.4,
06093,2022,,,,,35.6
06093,2023,30.3,15.2,26.2,20.6,
06095,2022,,,,,38.1
06095,2023,30.0,11.3,19.9,17.5,
06097,2022,,,,,34.0
06097,2023,26.4,10.8,23.9,17.2,
06099,2022,,,,,35.6
06099,2023,30.6,13.6,21.0,19.1,
06101,2022,,,,,36.7
06101,2023,30.5,14.1,22.0,18.7,
06103,2022,,,,,36.6
06103,2023,30.5,15.5,25.2,20.4,
06105,2022,,,,,35.3
06105,2023,32.2,17.7,27.7,21.9,
06107,2022,,,,,35.1
06107,2023,31.4,14.2,22.1,18.9,
06109,2022,,,,,36.3
06109,2023,28.8,12.9,25.5,19.2,
06111,2022,,,,,34.1
06111,2023,27.3,10.5,21.1,17.0,
06113,2022,,,,,31.3
06113,2023,28.1,11.1,23.3,17.3,
06115,2022,,,,,35.6
06115,2023,30.5,14.5,23.6,19.5,
08007,2022,,,,,29.6
08007,2023,26.1,12.1,23.1,16.9,
08009,2022,,,,,36.0
08009,2023,29.9,17.8,26.3,20.2,
08011,2022,,,,,35.8
08011,2023,33.9,20.5,22.5,19.2,
08013,2022,,,,,24.7
08013,2023,21.0,9.4,23.5,15.4,
08015,2022,,,,,30.7
08015,2023,25.9,12.2,22.9,16.6,
08019,2022,,,,,29.3
08019,2023,24.2,9.9,22.7,15.6,
08021,2022,,,,,33.5
08021,2023,27.7,13.6,21.7,17.5,
08023,2022,,,,,34.8
08023,2023,29.0,14.0,21.4,17.5,
08027,2022,,,,,31.0
08027,2023,26.6,12.7,24.9,17.9,
08033,2022,,,,,32.2
08033,2023,28.6,15.1,24.2,18.6,
08035,2022,,,,,26.7
08035,2023,23.7,7.6,21.5,14.8,
08037,2022,,,,,28.7
08037,2023,23.0,9.9,20.6,15.2,
08041,2022,,,,,35.0
08041,2023,27.7,10.9,25.3,17.9,
08043,2022,,,,,34.9
08043,2023,27.8,15.6,24.0,18.3,
08045,2022,,,,,26.9
08045,2023,25.3,12.0,21.2,16.7,
08047,2022,,,,,30.7
08047,2023,25.1,10.7,23.1,16.3,
08049,2022,,,,,30.5
08049,2023,25.1,11.6,23.5,16.9,
08055,2022,,,,,32.6
08055,2023,27.1,13.6,22.9,17.8,
08057,2022,,,,,32.4
08057,2023,29.6,16.8,25.0,19.3,
08059,2022,,,,,30.7
08059,2023,24.9,9.9,23.6,15.5,
08067,2022,,,,,28.3
08067,2023,24.3,11.9,22.9,16.9,
08069,2022,,,,,27.2
08069,2023,24.6,10.2,25.0,16.9,
08071,2022,,,,,36.0
08071,2023,28.3,14.3,23.1,18.1,
08073,2022,,,,,32.3
08073,2023,29.0,15.7,22.3,18.2,
08075,2022,,,,,34.9
08075,2023,30.5,16.7,24.3,19.0,
08077,2022,,,,,30.7
08077,2023,26.6,13.2,24.5,17.9,
08081,2022,,,,,33.7
08081,2023,28.6,15.6,24.8,19.0,
08083,2022,,,,,31.3
08083,2023,27.0,15.2,25.2,18.8,
08085,2022,,,,,31.7
08085,2023,26.5,14.0,24.1,17.9,
08087,2022,,,,,33.0
08087,2023,29.1,14.0,22.0,18.1,
08093,2022,,,,,29.3
08093,2023,25.2,10.9,22.7,16.6,
08097,2022,,,,,25.9
08097,2023,23.3,8.3,21.7,14.7,
08099,2022,,,,,34.4
08099,2023,28.7,15.6,23.1,18.7,
08101,2022,,,,,37.7
08101,2023,28.1,14.2,23.4,18.4,
08103,2022,,,,,33.7
08103,2023,26.9,13.3,24.6,18.2,
08107,2022,,,,,26.8
08107,2023,23.9,10.0,22.7,15.9,
08113,2022,,,,,27.8
08113,2023,24.7,9.4,22.6,15.3,
08115,2022,,,,,33.2
08115,2023,28.0,14.5,24.5,18.7,
08119,2022,,,,,32.6
08119,2023,25.3,11.3,23.8,16.8,
08123,2022,,,,,33.5
08123,2023,27.4,12.6,22.0,17.2,
08125,2022,,,,,33.4
08125,2023,27.1,14.2,23.2,18.1,
12001,2022,,,,,37.7
12001,2023,32.7,12.7,19.8,17.8,
12005,2022,,,,,40.1
12005,2023,33.5,14.7,21.5,18.9,
12009,2022,,,,,35.6
12009,2023,31.5,13.0,20.0,17.9,
12011,2022,,,,,40.5
12011,2023,32.1,11.8,16.2,16.8,
12015,2022,,,,,37.1
12015,2023,31.0,14.2,19.0,18.5,
12017,2022,,,,,39.6
12017,2023,30.0,16.6,21.2,19.9,
12019,2022,,,,,40.5
12019,2023,32.9,13.4,19.6,18.7,
12021,2022,,,,,33.2
12021,2023,28.1,11.2,16.9,16.2,
12023,2022,,,,,39.3
12023,2023,36.3,18.6,21.0,19.8,
12027,2022,,,,,41.2
12027,2023,36.7,20.4,19.4,20.5,
12029,2022,,,,,42.4
12029,2023,35.9,20.7,21.3,21.6,
12033,2022,,,,,38.1
12033,2023,36.1,14.8,21.0,18.9,
12035,2022,,,,,38.1
12035,2023,28.9,13.0,20.5,17.8,
12037,2022,,,,,37.2
12037,2023,35.3,17.2,19.6,19.3,
12039,2022,,,,,39.7
12039,2023,39.0,18.8,17.4,20.4,
12043,2022,,,,,42.8
12043,2023,37.5,20.5,18.6,20.1,
12045,2022,,,,,38.0
12045,2023,34.0,15.7,20.4,18.5,
12049,2022,,,,,39.0
12049,2023,34.6,18.3,18.3,19.6,
12051,2022,,,,,43.2
12051,2023,36.2,17.5,16.6,18.7,
12053,2022,,,,,38.1
12053,2023,30.6,14.9,21.3,19.1,
12055,2022,,,,,38.9
12055,2023,33.8,15.9,19.2,19.4,
12057,2022,,,,,38.8
12057,2023,32.7,12.1,16.7,16.8,
12061,2022,,,,,37.9
12061,2023,28.5,12.6,18.8,17.4,
12069,2022,,,,,38.8
12069,2023,31.0,12.9,18.6,17.9,
12071,2022,,,,,35.9
12071,2023,30.8,12.6,18.4,17.1,
12073,2022,,,,,40.7
12073,2023,34.8,12.9,17.9,17.7,
12077,2022,,,,,40.7
12077,2023,37.1,19.3,19.3,20.2,
12081,2022,,,,,40.5
12081,2023,30.4,13.1,19.1,17.6,
12083,2022,,,,,41.4
12083,2023,32.0,15.7,20.7,19.2,
12085,2022,,,,,33.9
12085,2023,26.7,12.3,19.2,17.3,
12086,2022,,,,,38.9
12086,2023,30.3,11.4,14.0,15.2,
12091,2022,,,,,37.4
12091,2023,30.3,13.0,19.5,18.0,
12093,2022,,,,,42.1
12093,2023,35.8,18.6,20.3,20.2,
12095,2022,,,,,41.4
12095,2023,31.7,11.9,16.5,16.3,
12097,2022,,,,,38.8
12097,2023,33.7,11.7,17.3,16.9,
12099,2022,,,,,37.6
12099,2023,29.4,11.8,16.5,16.3,
12101,2022,,,,,37.6
12101,2023,32.3,13.7,20.2,18.0,
12103,2022,,,,,38.0
12103,2023,29.5,12.7,20.9,17.7,
12105,2022,,,,,43.8
12105,2023,32.4,14.8,19.8,18.8,
12107,2022,,,,,42.5
12107,2023,35.8,21.7,20.9,21.7,
12111,2022,,,,,38.7
12111,2023,32.8,13.9,18.1,18.4,
12113,2022,,,,,40.2
12113,2023,31.8,13.2,19.8,18.1,
12115,2022,,,,,35.1
12115,2023,28.8,11.7,20.7,17.0,
12117,2022,,,,,36.6
12117,2023,29.4,10.8,16.7,15.7,
12119,2022,,,,,35.6
12119,2023,29.9,11.9,17.0,16.5,
12121,2022,,,,,43.8
12121,2023,34.7,18.5,20.4,19.9,
12123,2022,,,,,41.6
12123,2023,38.4,19.7,20.3,20.8,
12127,2022,,,,,35.8
12127,2023,31.9,14.3,20.4,18.8,
12129,2022,,,,,40.3
12129,2023,33.8,15.0,18.5,18.6,
12133,2022,,,,,43.1
12133,2023,37.7,19.7,21.1,21.0,
13005,2022,,,,,40.5
13005,2023,36.9,19.2,22.7,20.5,
13049,2022,,,,,42.8
13049,2023,40.1,20.1,20.2,19.4,
13077,2022,,,,,37.0
13077,2023,32.6,12.2,19.7,16.8,
13083,2022,,,,,35.9
13083,2023,32.6,15.8,23.8,19.2,
13111,2022,,,,,37.8
13111,2023,33.4,17.1,23.4,19.3,
13115,2022,,,,,35.3
13115,2023,35.9,16.5,22.8,19.3,
13127,2022,,,,,40.5
13127,2023,37.5,15.0,20.5,18.3,
13129,2022,,,,,38.8
13129,2023,35.0,17.3,23.0,19.5,
13133,2022,,,,,37.9
13133,2023,34.5,12.8,19.3,17.0,
13143,2022,,,,,37.8
13143,2023,34.1,17.3,24.4,19.8,
13179,2022,,,,,39.2
13179,2023,39.1,15.4,18.9,18.2,
13189,2022,,,,,40.3
13189,2023,39.4,17.8,21.4,20.0,
13195,2022,,,,,38.9
13195,2023,35.6,18.2,23.1,20.0,
13215,2022,,,,,44.2
13215,2023,39.4,15.4,19.8,19.1,
13233,2022,,,,,38.2
13233,2023,36.0,18.0,22.9,19.8,
13241,2022,,,,,33.7
13241,2023,33.8,15.2,22.6,18.3,
13245,2022,,,,,43.4
13245,2023,41.0,16.8,20.5,19.7,
13283,2022,,,,,40.6
13283,2023,41.0,23.3,22.5,21.8,
13285,2022,,,,,39.5
13285,2023,37.6,17.1,21.1,19.5,
13293,2022,,,,,39.7
13293,2023,37.4,19.1,22.1,20.3,
13299,2022,,,,,39.0
13299,2023,40.0,20.0,22.5,20.8,
15001,2022,,,,,39.9
15001,2023,24.8,15.0,21.7,17.7,
15003,2022,,,,,49.5
15003,2023,27.9,10.3,15.9,15.3,
15005,2022,,,,,41.8
15005,2023,29.0,14.1,14.2,13.7,
15007,2022,,,,,43.9
15007,2023,27.0,12.4,17.9,16.5,
15009,2022,,,,,42.6
15009,2023,25.4,13.4,16.9,16.6,
16001,2022,,,,,30.6
16001,2023,28.8,10.5,25.5,15.8,
16003,2022,,,,,33.0
16003,2023,30.0,14.8,24.0,17.9,
16005,2022,,,,,36.9
16005,2023,29.8,13.3,25.2,17.3,
16007,2022,,,,,34.2
16007,2023,28.2,13.8,23.7,17.7,
16009,2022,,,,,35.4
16009,2023,30.3,17.1,24.2,18.9,
16011,2022,,,,,33.9
16011,2023,30.7,14.3,23.5,17.7,
16013,2022,,,,,27.9
16013,2023,24.7,9.8,20.1,14.7,
16015,2022,,,,,32.6
16015,2023,28.1,11.9,23.7,16.3,
16017,2022,,,,,30.6
16017,2023,28.2,13.2,23.3,16.9,
16019,2022,,,,,36.8
16019,2023,28.7,11.6,25.5,16.8,
16021,2022,,,,,32.3
16021,2023,28.8,15.2,23.6,18.0,
16023,2022,,,,,34.7
16023,2023,31.8,18.1,26.1,19.9,
16025,2022,,,,,32.8
16025,2023,27.7,12.5,23.0,16.7,
16027,2022,,,,,35.5
16027,2023,29.5,12.6,23.3,16.9,
16029,2022,,,,,33.4
16029,2023,28.3,13.8,23.0,17.6,
16031,2022,,,,,34.9
16031,2023,30.5,13.4,22.4,17.1,
16033,2022,,,,,35.0
16033,2023,31.0,14.3,21.7,17.1,
16035,2022,,,,,36.3
16035,2023,29.1,14.7,22.9,17.5,
16037,2022,,,,,31.9
16037,2023,29.5,13.3,23.3,17.3,
16039,2022,,,,,37.6
16039,2023,31.3,14.6,22.8,17.5,
16041,2022,,,,,34.0
16041,2023,28.7,13.2,23.3,17.3,
16043,2022,,,,,33.0
16043,2023,27.5,13.2,22.8,17.1,
16045,2022,,,,,32.8
16045,2023,28.3,13.3,23.4,17.2,
16047,2022,,,,,33.8
16047,2023,30.6,15.4,21.7,17.8,
16049,2022,,,,,30.8
16049,2023,28.3,14.0,23.2,17.5,
16051,2022,,,,,33.7
16051,2023,27.7,12.2,22.6,16.5,
16053,2022,,,,,34.6
16053,2023,31.3,15.7,21.8,17.6,
16057,2022,,,,,29.5
16057,2023,30.2,11.6,23.1,16.6,
16059,2022,,,,,34.0
16059,2023,29.1,14.3,24.6,17.9,
16061,2022,,,,,36.4
16061,2023,32.2,16.5,24.5,18.8,
16063,2022,,,,,33.4
16063,2023,29.8,14.3,22.0,17.3,
16065,2022,,,,,36.7
16065,2023,31.3,15.4,24.2,18.3,
16067,2022,,,,,34.0
16067,2023,31.2,13.8,21.3,17.3,
16069,2022,,,,,35.7
16069,2023,30.4,14.1,25.2,17.8,
16071,2022,,,,,33.1
16071,2023,28.0,12.9,23.4,17.3,
16073,2022,,,,,36.2
16073,2023,31.2,16.7,23.1,18.4,
16075,2022,,,,,30.9
16075,2023,30.4,14.6,23.5,17.8,
16077,2022,,,,,34.4
16077,2023,30.4,14.3,21.8,17.3,
16079,2022,,,,,37.0
16079,2023,30.5,16.3,24.5,19.3,
16081,2022,,,,,30.2
16081,2023,27.0,10.1,21.0,14.7,
16083,2022,,,,,34.2
16083,2023,28.4,13.6,24.2,17.3,
16085,2022,,,,,33.8
16085,2023,29.8,13.3,23.3,16.9,
16087,2022,,,,,34.0
16087,2023,30.2,16.0,23.7,18.5,
17151,2022,,,,,37.5
17151,2023,31.5,15.8,24.1,19.2,
19007,2022,,,,,33.5
19007,2023,35.2,20.4,23.8,19.6,
19053,2022,,,,,34.2
19053,2023,31.6,18.0,22.4,18.6,
19095,2022,,,,,29.6
19095,2023,30.5,15.0,21.5,17.6,
19101,2022,,,,,34.4
19101,2023,31.9,14.8,20.3,16.4,
19133,2022,,,,,34.4
19133,2023,32.0,17.2,22.4,18.7,
19135,2022,,,,,35.0
19135,2023,30.7,15.9,21.8,17.8,
20003,2022,,,,,35.5
20003,2023,32.8,18.8,22.9,19.0,
20007,2022,,,,,34.6
20007,2023,32.3,17.1,22.6,18.2,
20015,2022,,,,,37.3
20015,2023,31.3,14.5,21.8,17.4,
20017,2022,,,,,34.9
20017,2023,33.1,17.3,21.7,17.8,
20019,2022,,,,,37.0
20019,2023,34.3,20.1,23.2,19.7,
20023,2022,,,,,34.9
20023,2023,32.9,18.6,22.9,18.8,
20025,2022,,,,,35.4
20025,2023,31.1,14.5,21.1,16.9,
20031,2022,,,,,35.8
20031,2023,31.5,16.8,22.4,18.1,
20033,2022,,,,,35.3
20033,2023,31.7,16.1,22.8,18.1,
20035,2022,,,,,37.7
20035,2023,33.4,16.4,22.4,18.3,
20041,2022,,,,,34.7
20041,2023,30.9,15.3,22.0,17.8,
20045,2022,,,,,34.7
20045,2023,29.2,13.3,24.0,16.5,
20047,2022,,,,,35.1
20047,2023,32.9,17.1,21.1,17.8,
20049,2022,,,,,39.4
20049,2023,33.5,19.3,23.4,19.3,
20051,2022,,,,,35.5
20051,2023,32.1,14.9,20.7,17.1,
20053,2022,,,,,35.5
20053,2023,32.4,15.6,19.5,16.6,
20055,2022,,,,,37.0
20055,2023,32.9,15.7,18.1,17.0,
20057,2022,,,,,38.3
20057,2023,33.1,15.8,17.9,16.6,
20061,2022,,,,,37.4
20061,2023,35.5,17.6,20.7,18.1,
20073,2022,,,,,36.4
20073,2023,32.7,18.1,23.1,18.9,
20075,2022,,,,,36.5
20075,2023,30.8,14.3,18.9,16.1,
20077,2022,,,,,36.8
20077,2023,33.5,19.9,23.2,19.0,
20079,2022,,,,,35.3
20079,2023,29.8,14.5,21.5,17.1,
20083,2022,,,,,35.9
20083,2023,30.0,13.6,20.4,16.4,
20085,2022,,,,,37.3
20085,2023,30.6,16.3,22.1,18.0,
20095,2022,,,,,35.5
20095,2023,31.6,16.4,22.5,18.0,
20097,2022,,,,,32.0
20097,2023,31.1,15.1,22.0,17.3,
20111,2022,,,,,36.6
20111,2023,33.7,16.3,21.5,17.7,
20115,2022,,,,,31.5
20115,2023,31.2,16.2,22.4,17.6,
20119,2022,,,,,35.9
20119,2023,31.6,16.2,21.2,17.5,
20125,2022,,,,,38.8
20125,2023,34.4,18.6,22.9,19.2,
20129,2022,,,,,37.7
20129,2023,31.6,17.2,21.0,17.9,
20131,2022,,,,,33.8
20131,2023,31.1,15.5,22.0,17.4,
20133,2022,,,,,36.4
20133,2023,32.8,17.4,22.0,18.6,
20137,2022,,,,,36.3
20137,2023,33.4,17.8,21.3,17.7,
20149,2022,,,,,35.4
20149,2023,30.2,13.7,20.5,16.5,
20151,2022,,,,,33.8
20151,2023,30.9,16.0,22.0,17.5,
20155,2022,,,,,39.9
20155,2023,30.6,17.6,23.2,17.7,
20159,2022,,,,,33.7
20159,2023,31.8,15.4,21.2,17.3,
20161,2022,,,,,37.7
20161,2023,30.8,15.0,21.9,16.9,
20163,2022,,,,,36.2
20163,2023,30.8,15.6,23.0,17.5,
20167,2022,,,,,34.1
20167,2023,32.7,18.1,22.7,19.1,
20169,2022,,,,,33.7
20169,2023,30.9,15.6,21.7,17.6,
20175,2022,,,,,39.7
20175,2023,32.2,15.4,17.6,16.7,
20177,2022,,,,,36.6
20177,2023,34.3,15.7,24.0,16.8,
20181,2022,,,,,35.1
20181,2023,32.4,16.2,21.4,17.7,
20185,2022,,,,,36.3
20185,2023,31.5,16.0,21.9,17.5,
20197,2022,,,,,34.7
20197,2023,29.8,14.8,21.5,17.2,
20201,2022,,,,,35.9
20201,2023,29.8,15.7,21.3,17.4,
20205,2022,,,,,36.1
20205,2023,33.0,18.4,23.0,18.8,
20207,2022,,,,,36.4
20207,2023,32.1,17.2,22.7,18.3,
21013,2022,,,,,42.5
21025,2022,,,,,42.8
21051,2022,,,,,42.6
21071,2022,,,,,46.1
21095,2022,,,,,45.3
21115,2022,,,,,44.9
21119,2022,,,,,42.7
21121,2022,,,,,42.2
21131,2022,,,,,40.5
21133,2022,,,,,43.8
21147,2022,,,,,45.4
21153,2022,,,,,43.9
21159,2022,,,,,46.0
21189,2022,,,,,42.5
21193,2022,,,,,41.8
21195,2022,,,,,46.1
21203,2022,,,,,42.7
21235,2022,,,,,43.0
21237,2022,,,,,45.4
22003,2022,,,,,39.4
22003,2023,42.3,21.6,27.6,21.2,
22011,2022,,,,,36.7
22011,2023,36.5,18.7,29.5,20.9,
22017,2022,,,,,40.0
22017,2023,42.5,18.6,27.6,20.8,
22019,2022,,,,,39.4
22019,2023,39.0,17.3,28.1,19.8,
22023,2022,,,,,38.5
22023,2023,35.5,17.4,29.6,20.4,
22043,2022,,,,,42.6
22043,2023,40.1,20.1,27.2,20.7,
22069,2022,,,,,40.8
22069,2023,43.4,19.8,28.2,21.3,
22073,2022,,,,,40.9
22073,2023,42.1,18.2,26.2,20.6,
22079,2022,,,,,41.8
22079,2023,39.9,19.1,28.2,21.1,
22105,2022,,,,,39.2
22105,2023,39.0,18.9,26.7,21.3,
22115,2022,,,,,42.3
22115,2023,39.2,19.2,27.4,20.4,
24019,2022,,,,,40.7
24019,2023,36.9,16.6,21.6,19.1,
24039,2022,,,,,45.4
24039,2023,41.6,18.2,21.1,18.9,
26001,2022,,,,,36.2
26001,2023,32.1,17.0,29.3,20.0,
26043,2022,,,,,31.7
26043,2023,31.5,15.7,29.7,19.4,
26135,2022,,,,,34.1
26135,2023,34.3,20.2,30.2,21.4,
27001,2022,,,,,34.3
27001,2023,29.2,17.7,26.8,17.8,
27027,2022,,,,,32.8
27027,2023,30.1,14.6,25.9,16.4,
27029,2022,,,,,31.9
27029,2023,28.8,19.4,26.5,18.6,
27031,2022,,,,,30.7
27031,2023,27.5,13.5,24.9,15.9,
27069,2022,,,,,32.6
27069,2023,28.2,15.2,25.6,16.9,
27075,2022,,,,,28.6
27075,2023,26.7,15.6,25.5,17.1,
27087,2022,,,,,35.9
27087,2023,33.2,25.7,27.9,21.5,
27089,2022,,,,,31.7
27089,2023,28.8,15.9,25.3,17.1,
27097,2022,,,,,33.2
27097,2023,29.1,16.7,25.9,17.1,
27111,2022,,,,,33.7
27111,2023,25.6,15.9,25.4,17.1,
27135,2022,,,,,30.7
27135,2023,26.9,15.9,24.6,17.1,
27153,2022,,,,,31.4
27153,2023,30.2,18.6,26.0,17.8,
28005,2022,,,,,42.2
28005,2023,43.2,21.5,20.9,20.0,
28031,2022,,,,,39.2
28031,2023,42.1,18.2,19.9,18.6,
28035,2022,,,,,39.7
28035,2023,41.0,16.6,20.6,18.1,
28041,2022,,,,,38.0
28041,2023,41.5,19.5,20.0,18.2,
28043,2022,,,,,42.7
28043,2023,43.3,19.0,20.1,18.9,
28045,2022,,,,,36.4
28045,2023,35.9,16.0,21.1,18.0,
28047,2022,,,,,41.1
28047,2023,39.0,16.5,21.6,18.2,
28059,2022,,,,,38.2
28059,2023,40.8,15.5,20.4,17.6,
28071,2022,,,,,35.8
28071,2023,37.0,14.6,20.0,16.6,
28073,2022,,,,,38.7
28073,2023,38.0,14.8,21.7,16.8,
28083,2022,,,,,42.8
28083,2023,49.2,21.6,18.0,19.5,
28091,2022,,,,,40.9
28091,2023,43.1,20.9,21.3,19.4,
28097,2022,,,,,40.5
28097,2023,44.3,20.3,20.0,19.6,
28109,2022,,,,,40.0
28109,2023,37.6,18.1,22.1,18.6,
28111,2022,,,,,38.8
28111,2023,41.5,20.0,22.2,19.5,
28131,2022,,,,,38.5
28131,2023,39.7,17.7,21.6,18.4,
28137,2022,,,,,38.5
28137,2023,39.0,17.0,20.5,18.1,
28147,2022,,,,,38.6
28147,2023,43.7,19.8,20.3,19.4,
28153,2022,,,,,42.1
28153,2023,43.1,20.6,20.6,19.6,
28161,2022,,,,,38.4
28161,2023,44.1,21.3,20.7,19.7,
29015,2022,,,,,38.7
29015,2023,33.4,20.4,27.3,20.0,
29017,2022,,,,,40.1
29017,2023,34.7,20.9,27.6,20.5,
29029,2022,,,,,37.6
29029,2023,31.4,17.2,25.8,18.8,
29035,2022,,,,,38.4
29035,2023,36.5,23.1,28.3,21.5,
29043,2022,,,,,39.7
29043,2023,31.1,14.8,25.5,17.8,
29059,2022,,,,,38.7
29059,2023,34.6,21.8,27.5,20.7,
29065,2022,,,,,40.7
29065,2023,34.3,20.4,26.2,20.1,
29075,2022,,,,,39.2
29075,2023,33.5,19.5,26.2,19.8,
29079,2022,,,,,38.7
29079,2023,34.2,20.5,27.1,20.4,
29085,2022,,,,,41.0
29085,2023,37.1,24.6,28.5,22.1,
29091,2022,,,,,40.2
29091,2023,35.1,22.1,28.1,21.0,
29103,2022,,,,,38.7
29103,2023,35.1,22.2,26.9,20.9,
29115,2022,,,,,39.8
29115,2023,33.0,19.5,26.7,19.8,
29119,2022,,,,,41.5
29119,2023,36.8,23.3,27.3,21.4,
29125,2022,,,,,43.0
29125,2023,33.0,19.2,26.9,20.0,
29129,2022,,,,,38.7
29129,2023,35.4,20.8,27.4,20.4,
29179,2022,,,,,41.1
29179,2023,35.0,22.4,27.5,20.9,
29213,2022,,,,,38.4
29213,2023,33.5,17.9,25.8,19.2,
30001,2022,,,,,31.4
30001,2023,28.9,14.2,25.6,18.4,
30003,2022,,,,,36.7
30003,2023,33.5,25.3,25.6,22.9,
30005,2022,,,,,32.3
30005,2023,33.1,21.6,25.2,21.1,
30007,2022,,,,,31.3
30007,2023,28.4,14.1,24.7,18.4,
30009,2022,,,,,33.1
30009,2023,30.6,13.8,25.2,18.0,
30011,2022,,,,,31.9
30011,2023,29.8,15.9,26.1,19.5,
30013,2022,,,,,36.0
30013,2023,30.1,15.1,28.1,20.0,
30017,2022,,,,,33.0
30017,2023,28.9,14.8,25.2,18.4,
30019,2022,,,,,32.9
30019,2023,28.4,14.2,24.7,18.5,
30021,2022,,,,,34.5
30021,2023,28.2,14.1,24.5,18.4,
30023,2022,,,,,35.6
30023,2023,30.5,17.5,26.0,19.6,
30025,2022,,,,,33.9
30025,2023,27.9,14.7,25.1,19.2,
30027,2022,,,,,30.2
30027,2023,29.7,15.1,25.1,18.7,
30029,2022,,,,,32.0
30029,2023,26.1,12.9,25.0,17.2,
30031,2022,,,,,28.9
30031,2023,25.2,10.4,22.4,16.3,
30033,2022,,,,,32.5
30033,2023,28.7,15.5,26.6,19.5,
30035,2022,,,,,40.3
30035,2023,34.8,26.9,26.0,23.7,
30039,2022,,,,,33.1
30039,2023,29.4,15.1,24.7,18.7,
30041,2022,,,,,36.0
30041,2023,33.8,18.9,26.8,21.0,
30043,2022,,,,,30.9
30043,2023,26.5,12.7,24.3,17.5,
30047,2022,,,,,33.8
30047,2023,29.3,16.2,26.7,19.8,
30049,2022,,,,,28.1
30049,2023,25.9,12.2,27.0,18.1,
30053,2022,,,,,36.7
30053,2023,31.7,17.4,27.4,20.4,
30057,2022,,,,,30.0
30057,2023,26.8,12.7,23.9,17.7,
30059,2022,,,,,31.3
30059,2023,28.1,14.3,25.3,18.4,
30061,2022,,,,,34.4
30061,2023,29.3,15.6,26.1,19.0,
30063,2022,,,,,27.9
30063,2023,25.4,12.1,26.7,17.8,
30065,2022,,,,,34.8
30065,2023,29.8,15.9,25.5,19.2,
30067,2022,,,,,30.2
30067,2023,27.3,13.7,24.2,17.9,
30069,2022,,,,,32.9
30069,2023,28.5,14.6,24.4,18.3,
30071,2022,,,,,36.0
30071,2023,28.1,15.8,26.0,19.6,
30073,2022,,,,,34.3
30073,2023,31.0,19.9,26.8,21.0,
30075,2022,,,,,34.7
30075,2023,27.1,14.1,24.4,18.5,
30077,2022,,,,,35.4
30077,2023,30.2,17.1,23.0,18.3,
30081,2022,,,,,32.5
30081,2023,26.1,13.2,24.4,17.8,
30083,2022,,,,,32.8
30083,2023,27.6,13.8,23.8,17.8,
30085,2022,,,,,42.5
30085,2023,35.4,23.7,26.9,22.7,
30087,2022,,,,,37.0
30087,2023,35.2,21.0,25.4,21.6,
30089,2022,,,,,34.5
30089,2023,29.1,17.5,26.0,19.9,
30091,2022,,,,,29.9
30091,2023,29.5,15.2,25.6,18.8,
30095,2022,,,,,32.9
30095,2023,27.2,13.2,24.7,17.8,
30097,2022,,,,,31.5
30097,2023,27.5,13.9,25.1,18.4,
30099,2022,,,,,30.1
30099,2023,28.1,14.9,25.5,19.2,
30103,2022,,,,,30.6
30103,2023,28.9,14.4,25.1,18.4,
30105,2022,,,,,33.4
30105,2023,31.4,15.1,25.3,19.5,
30107,2022,,,,,33.6
30107,2023,30.9,17.9,26.8,20.3,
30109,2022,,,,,34.3
30109,2023,29.4,15.3,25.9,19.2,
30111,2022,,,,,35.6
30111,2023,28.3,14.2,28.2,18.6,
31017,2022,,,,,33.1
31017,2023,31.4,15.7,18.6,15.8,
31019,2022,,,,,33.8
31019,2023,31.1,13.3,18.3,14.9,
31021,2022,,,,,34.1
31021,2023,31.8,16.0,18.9,15.8,
31033,2022,,,,,35.4
31033,2023,30.8,15.6,18.4,15.8,
31041,2022,,,,,33.3
31041,2023,30.9,14.7,18.0,15.3,
31045,2022,,,,,34.8
31045,2023,30.3,14.4,18.8,15.3,
31047,2022,,,,,33.1
31047,2023,31.8,15.3,15.8,14.4,
31061,2022,,,,,33.8
31061,2023,32.3,16.9,19.9,16.5,
31069,2022,,,,,33.9
31069,2023,32.6,16.8,19.3,16.3,
31071,2022,,,,,30.8
31071,2023,28.7,13.6,18.3,14.9,
31075,2022,,,,,30.4
31075,2023,29.5,13.8,18.7,15.0,
31085,2022,,,,,32.6
31085,2023,30.4,15.4,18.8,15.7,
31087,2022,,,,,32.8
31087,2023,31.5,15.8,19.0,16.0,
31091,2022,,,,,33.3
31091,2023,30.6,15.6,19.2,16.0,
31099,2022,,,,,31.0
31099,2023,27.6,12.8,17.9,14.2,
31101,2022,,,,,29.8
31101,2023,29.1,14.8,17.4,15.2,
31105,2022,,,,,34.3
31105,2023,31.3,17.9,19.2,16.4,
31113,2022,,,,,31.8
31113,2023,29.5,13.2,18.2,14.7,
31121,2022,,,,,31.6
31121,2023,29.9,15.4,19.1,15.8,
31123,2022,,,,,32.9
31123,2023,30.5,16.5,18.4,15.6,
31127,2022,,,,,32.8
31127,2023,29.7,15.8,19.3,15.9,
31133,2022,,,,,33.2
31133,2023,31.7,17.2,19.3,16.6,
31137,2022,,,,,33.0
31137,2023,30.1,15.2,19.1,15.5,
31141,2022,,,,,29.4
31141,2023,30.4,13.8,16.4,14.4,
31147,2022,,,,,31.3
31147,2023,32.6,16.6,19.5,15.9,
31149,2022,,,,,33.9
31149,2023,29.1,14.3,18.6,15.1,
31161,2022,,,,,32.9
31161,2023,31.5,16.2,18.3,15.8,
31165,2022,,,,,33.3
31165,2023,33.5,18.2,19.5,16.7,
31171,2022,,,,,30.9
31171,2023,28.3,12.9,18.2,14.6,
31175,2022,,,,,31.1
31175,2023,30.3,14.9,18.3,15.4,
32001,2022,,,,,36.2
32001,2023,31.1,16.4,22.8,20.1,
32003,2022,,,,,41.4
32003,2023,32.0,14.8,20.6,19.4,
32005,2022,,,,,33.9
32005,2023,27.2,12.6,21.2,17.7,
32007,2022,,,,,37.8
32007,2023,30.8,16.9,21.6,19.1,
32011,2022,,,,,37.1
32011,2023,34.4,21.3,25.0,21.9,
32013,2022,,,,,38.8
32013,2023,29.0,15.6,22.1,19.0,
32015,2022,,,,,38.2
32015,2023,32.0,17.8,23.5,20.2,
32017,2022,,,,,38.6
32017,2023,29.4,15.6,23.0,19.3,
32019,2022,,,,,37.8
32019,2023,31.6,16.0,22.4,19.4,
32021,2022,,,,,41.1
32021,2023,34.6,22.2,24.4,22.4,
32023,2022,,,,,38.6
32023,2023,31.9,18.6,23.1,21.1,
32027,2022,,,,,39.7
32027,2023,31.4,16.8,20.1,18.6,
32029,2022,,,,,35.9
32029,2023,27.5,12.8,22.3,18.0,
32031,2022,,,,,38.7
32031,2023,26.9,12.8,21.6,18.2,
32033,2022,,,,,38.3
32033,2023,31.1,17.8,22.5,20.1,
32510,2022,,,,,36.2
32510,2023,29.5,14.7,22.2,19.0,
34001,2022,,,,,39.1
34001,2023,31.0,13.2,17.1,17.2,
34005,2022,,,,,34.7
34005,2023,29.7,11.0,16.3,16.1,
34009,2022,,,,,34.6
34009,2023,29.0,12.5,19.5,17.0,
34029,2022,,,,,38.3
34029,2023,28.4,14.0,17.3,16.8,
35001,2022,,,,,30.8
35001,2023,30.4,12.2,25.2,16.5,
35003,2022,,,,,36.3
35003,2023,31.3,16.3,25.7,18.7,
35005,2022,,,,,36.4
35005,2023,34.3,15.5,24.2,18.0,
35006,2022,,,,,40.8
35006,2023,33.5,19.7,24.0,19.6,
35007,2022,,,,,34.8
35007,2023,30.4,14.0,22.8,16.8,
35009,2022,,,,,38.3
35009,2023,33.0,15.1,24.4,18.1,
35011,2022,,,,,34.1
35011,2023,30.8,14.8,24.6,18.0,
35013,2022,,,,,32.9
35013,2023,31.4,13.1,22.2,16.2,
35015,2022,,,,,39.7
35015,2023,30.5,13.4,23.1,17.1,
35017,2022,,,,,33.9
35017,2023,30.0,13.7,23.2,17.0,
35019,2022,,,,,36.9
35019,2023,33.1,14.6,20.0,16.3,
35021,2022,,,,,34.8
35021,2023,32.5,15.6,24.3,18.0,
35023,2022,,,,,37.7
35023,2023,32.0,15.3,23.0,17.7,
35025,2022,,,,,32.7
35025,2023,32.7,15.1,21.5,17.5,
35027,2022,,,,,33.3
35027,2023,30.1,13.3,24.7,17.1,
35028,2022,,,,,27.9
35028,2023,24.3,7.1,21.3,13.0,
35031,2022,,,,,40.0
35031,2023,36.8,27.1,25.0,23.7,
35033,2022,,,,,36.4
35033,2023,29.8,11.2,19.8,15.2,
35035,2022,,,,,35.4
35035,2023,32.4,15.7,24.4,17.5,
35037,2022,,,,,36.0
35037,2023,33.1,16.6,24.1,18.4,
35039,2022,,,,,36.0
35039,2023,30.5,14.9,21.5,17.5,
35041,2022,,,,,35.7
35041,2023,31.5,15.0,24.1,18.0,
35043,2022,,,,,37.6
35043,2023,29.3,11.4,24.0,16.6,
35047,2022,,,,,37.4
35047,2023,30.2,12.3,20.9,16.3,
35049,2022,,,,,30.6
35049,2023,25.3,10.4,23.4,15.0,
35051,2022,,,,,36.2
35051,2023,32.3,17.3,25.1,19.0,
35053,2022,,,,,33.5
35053,2023,32.1,16.8,22.7,18.5,
35055,2022,,,,,31.7
35055,2023,28.3,11.7,22.5,15.9,
35057,2022,,,,,36.0
35057,2023,33.2,17.5,25.6,19.0,
35059,2022,,,,,35.9
35059,2023,32.2,15.9,23.2,17.6,
36105,2022,,,,,41.2
36105,2023,31.0,13.8,20.1,16.9,
36111,2022,,,,,37.2
36111,2023,31.7,12.1,20.3,16.6,
37019,2022,,,,,36.3
37019,2023,30.1,13.0,26.0,17.2,
37023,2022,,,,,35.2
37023,2023,34.1,17.4,27.4,19.0,
37027,2022,,,,,33.0
37027,2023,33.5,17.3,27.7,19.3,
37031,2022,,,,,33.0
37031,2023,31.3,13.1,26.3,17.2,
37039,2022,,,,,32.2
37039,2023,33.3,16.6,28.5,19.1,
37043,2022,,,,,33.1
37043,2023,32.1,14.9,27.9,18.2,
37055,2022,,,,,28.1
37055,2023,29.7,11.4,26.0,16.3,
37075,2022,,,,,34.3
37075,2023,32.8,16.6,27.5,19.2,
37093,2022,,,,,39.8
37093,2023,38.2,16.2,24.4,18.9,
37095,2022,,,,,38.0
37095,2023,39.7,19.4,24.3,19.0,
37111,2022,,,,,36.3
37111,2023,33.6,17.3,27.4,19.1,
37113,2022,,,,,32.6
37113,2023,33.6,15.7,27.8,18.6,
37115,2022,,,,,32.0
37115,2023,32.3,14.6,27.4,18.0,
37127,2022,,,,,37.3
37127,2023,37.4,15.9,23.8,18.6,
37131,2022,,,,,40.1
37131,2023,41.1,18.4,24.4,19.8,
37137,2022,,,,,34.7
37137,2023,35.0,15.1,25.4,18.0,
37153,2022,,,,,37.9
37153,2023,39.5,20.0,26.8,20.3,
37161,2022,,,,,34.3
37161,2023,34.8,17.8,28.3,19.7,
37165,2022,,,,,41.3
37165,2023,42.6,22.0,25.0,20.7,
37171,2022,,,,,33.7
37171,2023,34.1,17.5,28.4,19.4,
37173,2022,,,,,36.2
37173,2023,36.5,20.4,27.9,20.7,
37177,2022,,,,,37.0
37177,2023,38.3,18.8,24.5,19.2,
37189,2022,,,,,32.1
37189,2023,33.8,15.1,28.1,18.3,
38007,2022,,,,,31.9
38007,2023,30.8,14.0,20.3,14.6,
38015,2022,,,,,30.9
38015,2023,27.6,12.1,19.8,13.8,
38021,2022,,,,,34.6
38021,2023,30.5,14.8,21.4,15.4,
38025,2022,,,,,31.9
38025,2023,30.3,15.0,20.7,15.4,
38031,2022,,,,,32.9
38031,2023,30.0,13.9,21.6,15.1,
38033,2022,,,,,34.0
38033,2023,31.7,16.5,22.2,16.4,
38053,2022,,,,,39.8
38053,2023,31.3,15.0,20.5,15.1,
38061,2022,,,,,35.6
38061,2023,32.7,19.0,20.7,16.7,
38085,2022,,,,,45.3
38085,2023,41.8,33.6,23.7,22.0,
38087,2022,,,,,33.6
38087,2023,31.8,16.2,21.2,15.6,
38105,2022,,,,,37.0
38105,2023,31.6,15.4,20.8,15.6,
39029,2022,,,,,43.1
39029,2023,35.4,19.0,26.7,19.9,
40001,2022,,,,,41.5
40001,2023,40.5,26.2,27.0,22.3,
40003,2022,,,,,35.0
40003,2023,37.0,17.4,23.9,17.7,
40005,2022,,,,,39.2
40005,2023,38.9,21.8,25.6,19.9,
40007,2022,,,,,36.5
40007,2023,35.6,15.8,24.0,17.5,
40009,2022,,,,,39.1
40009,2023,39.1,20.2,24.5,19.2,
40011,2022,,,,,38.3
40011,2023,37.0,18.1,25.9,19.1,
40015,2022,,,,,41.5
40015,2023,39.9,21.8,24.4,19.5,
40019,2022,,,,,39.5
40019,2023,37.8,18.2,26.2,19.4,
40021,2022,,,,,42.3
40021,2023,38.8,20.4,25.9,20.2,
40023,2022,,,,,38.4
40023,2023,39.8,22.3,26.8,21.2,
40025,2022,,,,,35.6
40025,2023,33.0,13.9,23.6,16.7,
40029,2022,,,,,41.8
40029,2023,39.5,24.1,29.0,22.0,
40031,2022,,,,,44.0
40031,2023,37.7,18.3,25.0,18.8,
40033,2022,,,,,39.6
40033,2023,37.7,19.6,27.1,19.8,
40037,2022,,,,,40.3
40037,2023,34.8,18.7,26.0,19.3,
40039,2022,,,,,39.1
40039,2023,35.6,17.0,26.0,18.4,
40043,2022,,,,,36.5
40043,2023,36.3,18.1,26.1,19.1,
40045,2022,,,,,36.4
40045,2023,35.8,17.3,26.2,18.8,
40049,2022,,,,,39.5
40049,2023,37.4,19.5,26.9,20.0,
40055,2022,,,,,39.4
40055,2023,37.8,18.2,24.4,18.3,
40057,2022,,,,,38.5
40057,2023,38.5,18.3,24.4,18.8,
40059,2022,,,,,37.9
40059,2023,35.6,16.1,24.5,17.8,
40061,2022,,,,,42.2
40061,2023,38.2,21.3,26.8,20.6,
40063,2022,,,,,39.2
40063,2023,39.9,22.5,25.8,20.2,
40065,2022,,,,,42.0
40065,2023,37.3,16.7,25.0,18.0,
40067,2022,,,,,38.2
40067,2023,38.8,21.4,27.0,20.4,
40069,2022,,,,,38.3
40069,2023,38.5,22.1,27.9,21.0,
40071,2022,,,,,36.9
40071,2023,36.9,19.6,27.6,19.9,
40075,2022,,,,,41.9
40075,2023,38.7,20.5,26.9,20.3,
40077,2022,,,,,39.2
40077,2023,39.2,23.8,27.8,21.9,
40079,2022,,,,,39.3
40079,2023,38.4,22.4,26.7,21.0,
40081,2022,,,,,39.4
40081,2023,37.7,19.2,26.8,19.6,
40085,2022,,,,,37.1
40085,2023,37.0,18.8,25.8,19.3,
40089,2022,,,,,39.7
40089,2023,38.6,21.7,26.4,20.7,
40091,2022,,,,,38.8
40091,2023,40.5,22.9,28.3,21.6,
40093,2022,,,,,34.7
40093,2023,34.2,17.6,25.8,18.8,
40097,2022,,,,,38.5
40097,2023,38.4,20.7,26.1,20.5,
40099,2022,,,,,37.4
40099,2023,36.7,18.5,26.1,19.3,
40101,2022,,,,,40.6
40101,2023,39.5,21.2,26.8,21.0,
40103,2022,,,,,38.3
40103,2023,35.3,17.4,26.9,19.2,
40105,2022,,,,,40.4
40105,2023,37.7,20.6,27.0,20.5,
40107,2022,,,,,39.7
40107,2023,41.5,24.8,26.6,21.2,
40109,2022,,,,,36.5
40109,2023,35.9,14.5,25.1,17.7,
40111,2022,,,,,39.2
40111,2023,39.8,20.8,26.7,20.7,
40113,2022,,,,,37.7
40113,2023,39.2,18.4,25.4,19.2,
40115,2022,,,,,41.2
40115,2023,37.4,22.3,27.9,21.0,
40117,2022,,,,,38.3
40117,2023,36.4,19.7,27.4,19.9,
40119,2022,,,,,38.3
40119,2023,35.6,17.0,25.3,18.0,
40121,2022,,,,,43.7
40121,2023,38.3,19.8,26.1,19.7,
40123,2022,,,,,37.3
40123,2023,37.0,17.1,26.0,18.8,
40125,2022,,,,,38.4
40125,2023,37.9,18.5,26.5,20.1,
40127,2022,,,,,38.6
40127,2023,39.5,24.4,28.9,21.5,
40129,2022,,,,,36.7
40129,2023,36.6,18.2,26.3,19.1,
40131,2022,,,,,35.0
40131,2023,33.8,16.0,25.4,18.0,
40133,2022,,,,,41.1
40133,2023,40.1,23.3,28.7,21.7,
40135,2022,,,,,38.1
40135,2023,39.6,23.4,28.0,21.8,
40137,2022,,,,,35.0
40137,2023,37.8,19.1,26.8,19.6,
40139,2022,,,,,36.8
40139,2023,37.0,16.2,22.2,17.0,
40141,2022,,,,,39.9
40141,2023,37.0,18.6,24.7,18.9,
40143,2022,,,,,35.7
40143,2023,33.8,15.0,27.5,18.3,
40145,2022,,,,,39.7
40145,2023,35.1,15.5,25.2,17.6,
40147,2022,,,,,41.1
40147,2023,34.7,17.6,27.7,18.6,
40149,2022,,,,,37.6
40149,2023,34.8,17.8,26.3,18.8,
40151,2022,,,,,37.9
40151,2023,35.5,16.7,26.6,18.3,
40153,2022,,,,,37.5
40153,2023,36.2,17.2,24.7,18.2,
41001,2022,,,,,33.1
41001,2023,30.0,14.5,28.0,19.4,
41013,2022,,,,,32.4
41013,2023,29.9,13.4,28.6,19.4,
41015,2022,,,,,32.6
41015,2023,30.4,14.4,28.8,20.3,
41017,2022,,,,,25.6
41017,2023,28.0,10.7,25.9,17.0,
41019,2022,,,,,35.4
41019,2023,31.3,15.2,29.4,20.4,
41021,2022,,,,,31.6
41021,2023,30.6,15.7,29.2,20.7,
41023,2022,,,,,33.6
41023,2023,30.4,15.5,28.9,20.4,
41025,2022,,,,,35.7
41025,2023,33.2,17.0,29.6,21.4,
41027,2022,,,,,29.8
41027,2023,27.9,11.4,24.8,17.2,
41029,2022,,,,,35.8
41029,2023,29.9,13.4,27.9,19.9,
41031,2022,,,,,34.7
41031,2023,30.7,15.0,26.4,19.5,
41033,2022,,,,,33.3
41033,2023,30.4,16.4,29.3,20.9,
41035,2022,,,,,34.5
41035,2023,33.9,15.7,28.8,20.5,
41037,2022,,,,,33.9
41037,2023,32.5,16.0,28.1,19.9,
41039,2022,,,,,31.9
41039,2023,29.9,13.0,28.3,19.9,
41045,2022,,,,,36.0
41045,2023,33.6,16.4,25.3,19.6,
41047,2022,,,,,34.9
41047,2023,30.8,12.7,27.7,19.1,
41049,2022,,,,,35.8
41049,2023,32.1,16.3,26.5,20.2,
41055,2022,,,,,31.9
41055,2023,31.4,15.9,28.9,20.6,
41059,2022,,,,,33.9
41059,2023,30.4,14.9,23.8,19.0,
41061,2022,,,,,33.2
41061,2023,31.3,14.7,28.7,20.1,
41063,2022,,,,,31.9
41063,2023,28.8,12.3,28.4,18.6,
41065,2022,,,,,31.0
41065,2023,30.0,14.8,27.6,19.4,
41069,2022,,,,,34.1
41069,2023,31.5,15.5,29.1,20.5,
42069,2022,,,,,41.4
42089,2022,,,,,42.7
45001,2022,,,,,38.3
45001,2023,37.2,16.9,24.8,19.5,
45013,2022,,,,,32.9
45013,2023,30.2,10.5,19.5,15.1,
45015,2022,,,,,37.4
45015,2023,34.7,12.9,22.6,17.1,
45017,2022,,,,,38.8
45017,2023,37.1,14.7,22.9,18.0,
45019,2022,,,,,30.6
45019,2023,29.4,10.6,21.8,15.1,
45043,2022,,,,,37.4
45043,2023,33.7,12.7,21.9,16.9,
45045,2022,,,,,32.6
45045,2023,32.6,11.5,22.3,16.8,
45053,2022,,,,,37.7
45053,2023,36.3,14.3,21.3,17.5,
45059,2022,,,,,35.6
45059,2023,35.9,16.8,24.4,19.2,
45063,2022,,,,,35.0
45063,2023,33.2,13.0,25.1,17.2,
45069,2022,,,,,44.6
45069,2023,44.7,21.4,22.5,20.7,
45077,2022,,,,,37.4
45077,2023,34.0,15.1,25.8,18.4,
45079,2022,,,,,42.3
45079,2023,37.0,11.9,22.1,16.5,
46007,2022,,,,,32.2
46007,2023,36.8,29.0,22.8,21.0,
46009,2022,,,,,30.7
46009,2023,32.0,18.6,20.5,16.5,
46017,2022,,,,,38.9
46017,2023,37.9,32.1,22.0,22.3,
46019,2022,,,,,32.6
46019,2023,30.2,17.3,22.6,17.3,
46033,2022,,,,,29.4
46033,2023,28.3,14.4,21.4,15.6,
46041,2022,,,,,36.1
46041,2023,38.4,29.7,22.0,20.9,
46047,2022,,,,,34.2
46047,2023,31.9,18.1,22.5,17.4,
46063,2022,,,,,29.4
46063,2023,27.6,13.5,21.2,15.4,
46071,2022,,,,,35.7
46071,2023,37.9,29.8,22.9,21.6,
46081,2022,,,,,30.8
46081,2023,27.1,14.9,21.8,15.6,
46093,2022,,,,,28.7
46093,2023,29.2,14.6,23.0,16.3,
46103,2022,,,,,32.7
46103,2023,29.9,15.4,21.9,16.0,
46107,2022,,,,,29.6
46107,2023,28.3,14.7,21.6,16.2,
46119,2022,,,,,30.6
46119,2023,28.9,14.5,20.8,15.8,
46121,2022,,,,,40.2
46121,2023,41.7,37.9,23.4,23.7,
46129,2022,,,,,31.0
46129,2023,29.5,16.6,21.5,16.6,
47001,2022,,,,,37.1
47001,2023,36.5,18.9,31.4,21.4,
47007,2022,,,,,41.0
47007,2023,39.3,25.5,30.3,22.9,
47009,2022,,,,,39.4
47009,2023,34.7,17.0,30.8,20.2,
47013,2022,,,,,38.6
47013,2023,37.5,23.2,32.5,23.4,
47019,2022,,,,,44.2
47019,2023,38.1,21.2,33.3,22.3,
47023,2022,,,,,42.6
47023,2023,37.5,20.6,31.4,22.0,
47029,2022,,,,,42.8
47029,2023,38.2,24.2,32.9,23.5,
47035,2022,,,,,37.7
47035,2023,37.3,20.7,32.4,22.0,
47039,2022,,,,,42.8
47039,2023,38.6,24.3,32.5,23.1,
47049,2022,,,,,40.8
47049,2023,37.6,23.0,32.4,23.2,
47053,2022,,,,,41.1
47053,2023,37.2,20.3,29.5,21.4,
47057,2022,,,,,40.5
47057,2023,36.3,21.6,31.6,22.2,
47059,2022,,,,,42.0
47059,2023,35.9,21.3,31.0,21.9,
47061,2022,,,,,38.5
47061,2023,38.3,24.7,32.9,23.4,
47067,2022,,,,,42.7
47067,2023,42.1,29.9,35.1,25.7,
47083,2022,,,,,39.7
47083,2023,36.3,20.5,31.7,21.9,
47107,2022,,,,,39.3
47107,2023,37.5,20.2,30.7,21.9,
47115,2022,,,,,39.7
47115,2023,37.3,22.0,32.1,22.3,
47123,2022,,,,,37.6
47123,2023,37.9,22.2,32.6,22.6,
47129,2022,,,,,41.7
47129,2023,37.9,22.4,30.9,22.1,
47139,2022,,,,,40.3
47139,2023,37.0,20.8,32.1,22.1,
47155,2022,,,,,38.7
47155,2023,34.7,19.0,30.7,21.4,
47173,2022,,,,,37.6
47173,2023,35.6,21.3,31.3,22.1,
47175,2022,,,,,40.5
47175,2023,36.8,21.6,31.7,22.4,
48001,2022,,,,,41.9
48001,2023,37.0,17.2,22.1,18.8,
48003,2022,,,,,38.6
48003,2023,32.6,14.4,21.8,17.9,
48007,2022,,,,,40.1
48007,2023,33.5,14.6,24.3,18.3,
48009,2022,,,,,36.6
48009,2023,31.7,14.8,25.3,19.0,
48011,2022,,,,,36.4
48011,2023,30.4,13.3,24.8,18.4,
48017,2022,,,,,37.5
48017,2023,33.4,14.9,21.6,18.2,
48021,2022,,,,,34.5
48021,2023,33.1,14.0,22.2,17.6,
48023,2022,,,,,38.0
48023,2023,34.2,16.9,25.7,19.8,
48025,2022,,,,,41.6
48025,2023,35.6,15.0,19.3,17.2,
48031,2022,,,,,36.5
48031,2023,29.5,11.7,23.3,17.0,
48033,2022,,,,,34.7
48033,2023,30.1,12.8,24.4,17.8,
48037,2022,,,,,42.7
48037,2023,35.5,16.3,24.2,19.6,
48039,2022,,,,,42.1
48039,2023,33.5,11.3,19.9,16.3,
48041,2022,,,,,35.8
48041,2023,33.9,13.8,23.0,17.9,
48043,2022,,,,,35.8
48043,2023,29.9,10.3,21.1,15.6,
48045,2022,,,,,41.5
48045,2023,35.1,17.3,24.6,19.9,
48047,2022,,,,,41.5
48047,2023,36.1,16.1,19.7,18.1,
48049,2022,,,,,39.2
48049,2023,32.8,15.7,24.6,19.2,
48053,2022,,,,,38.8
48053,2023,31.2,13.5,23.6,18.0,
48055,2022,,,,,37.7
48055,2023,33.1,14.6,21.6,17.9,
48057,2022,,,,,38.3
48057,2023,31.8,13.3,20.9,17.3,
48059,2022,,,,,36.9
48059,2023,32.0,14.8,25.3,19.2,
48061,2022,,,,,40.9
48061,2023,32.9,13.6,19.1,16.8,
48063,2022,,,,,40.2
48063,2023,36.5,17.7,24.3,20.1,
48065,2022,,,,,37.5
48065,2023,30.3,13.2,24.5,18.2,
48069,2022,,,,,39.5
48069,2023,33.0,13.8,20.7,17.4,
48071,2022,,,,,39.4
48071,2023,31.9,13.1,23.3,18.0,
48075,2022,,,,,41.3
48075,2023,34.0,15.9,22.2,18.4,
48077,2022,,,,,36.0
48077,2023,31.5,14.7,25.4,19.1,
48079,2022,,,,,43.0
48079,2023,37.3,19.4,23.3,20.3,
48081,2022,,,,,40.3
48081,2023,33.3,16.2,25.1,19.6,
48083,2022,,,,,38.5
48083,2023,33.1,16.0,25.2,19.5,
48087,2022,,,,,39.7
48087,2023,34.5,16.5,24.2,19.4,
48089,2022,,,,,38.2
48089,2023,33.0,14.1,22.4,18.1,
48093,2022,,,,,39.4
48093,2023,32.6,15.1,23.9,18.7,
48097,2022,,,,,38.9
48097,2023,32.5,14.8,24.6,18.8,
48099,2022,,,,,41.9
48099,2023,32.9,14.6,23.5,18.9,
48101,2022,,,,,42.4
48101,2023,36.0,17.8,24.3,20.0,
48103,2022,,,,,39.4
48103,2023,33.4,14.5,20.4,17.8,
48105,2022,,,,,38.5
48105,2023,32.1,14.4,21.2,18.0,
48109,2022,,,,,41.0
48109,2023,35.4,16.9,21.0,18.6,
48111,2022,,,,,40.2
48111,2023,35.2,17.0,22.2,18.9,
48117,2022,,,,,42.1
48117,2023,35.0,16.1,20.9,18.5,
48119,2022,,,,,37.7
48119,2023,33.2,16.2,25.7,19.9,
48125,2022,,,,,38.0
48125,2023,33.6,15.9,23.7,19.0,
48129,2022,,,,,38.8
48129,2023,32.8,16.0,25.3,19.8,
48131,2022,,,,,41.3
48131,2023,35.6,15.8,20.0,18.2,
48133,2022,,,,,39.7
48133,2023,33.1,16.5,25.4,19.7,
48135,2022,,,,,37.6
48135,2023,32.2,14.2,20.8,17.5,
48137,2022,,,,,40.6
48137,2023,33.9,15.6,21.9,18.3,
48139,2022,,,,,41.0
48139,2023,32.9,12.5,22.7,17.5,
48143,2022,,,,,40.6
48143,2023,31.9,14.5,24.7,18.9,
48151,2022,,,,,38.4
48151,2023,32.0,13.8,23.4,18.3,
48153,2022,,,,,40.0
48153,2023,34.1,15.7,21.8,18.5,
48155,2022,,,,,40.6
48155,2023,36.2,19.2,26.1,21.3,
48161,2022,,,,,40.1
48161,2023,35.2,16.2,23.8,19.4,
48163,2022,,,,,42.0
48163,2023,35.0,15.7,19.1,17.5,
48165,2022,,,,,38.7
48165,2023,32.2,16.7,23.4,19.6,
48167,2022,,,,,37.1
48167,2023,32.7,12.3,22.2,17.3,
48169,2022,,,,,40.9
48169,2023,35.0,16.9,20.8,18.3,
48173,2022,,,,,34.9
48173,2023,30.0,10.6,21.3,15.8,
48175,2022,,,,,38.3
48175,2023,32.2,14.7,23.3,18.5,
48179,2022,,,,,39.6
48179,2023,34.7,16.5,23.6,19.1,
48189,2022,,,,,41.6
48189,2023,35.5,16.1,21.4,18.5,
48191,2022,,,,,40.7
48191,2023,35.1,16.3,23.6,19.3,
48195,2022,,,,,36.5
48195,2023,32.2,14.1,22.5,17.8,
48197,2022,,,,,38.2
48197,2023,33.6,16.5,24.7,19.8,
48201,2022,,,,,41.0
48201,2023,32.9,12.6,19.5,16.4,
48205,2022,,,,,36.4
48205,2023,32.2,13.4,21.1,16.9,
48207,2022,,,,,39.3
48207,2023,34.1,16.8,23.8,19.1,
48211,2022,,,,,37.7
48211,2023,29.3,12.1,22.5,17.1,
48213,2022,,,,,38.1
48213,2023,34.0,16.6,25.7,19.9,
48219,2022,,,,,41.4
48219,2023,32.9,14.7,22.4,18.3,
48221,2022,,,,,34.0
48221,2023,30.0,12.4,24.4,17.7,
48223,2022,,,,,38.1
48223,2023,33.0,15.9,25.0,19.5,
48225,2022,,,,,41.9
48225,2023,37.2,18.1,23.8,20.0,
48227,2022,,,,,39.1
48227,2023,33.8,14.9,22.0,18.2,
48233,2022,,,,,38.0
48233,2023,32.0,15.0,24.2,19.0,
48235,2022,,,,,37.7
48235,2023,31.0,13.0,23.9,18.0,
48237,2022,,,,,38.6
48237,2023,34.4,17.7,24.5,19.7,
48239,2022,,,,,40.0
48239,2023,33.3,15.5,23.5,19.0,
48243,2022,,,,,39.3
48243,2023,33.9,14.9,24.3,18.7,
48245,2022,,,,,41.2
48245,2023,37.4,16.2,21.5,19.2,
48247,2022,,,,,40.7
48247,2023,38.1,18.2,20.5,18.9,
48249,2022,,,,,41.7
48249,2023,34.6,14.9,20.5,17.9,
48251,2022,,,,,41.1
48251,2023,32.1,14.3,23.4,18.4,
48253,2022,,,,,41.8
48253,2023,35.9,17.3,21.3,18.5,
48257,2022,,,,,40.9
48257,2023,33.3,13.7,21.9,18.0,
48261,2022,,,,,42.9
48261,2023,32.6,15.5,20.5,18.3,
48263,2022,,,,,37.4
48263,2023,29.4,12.1,24.0,17.6,
48267,2022,,,,,37.9
48267,2023,33.3,15.8,24.8,19.2,
48269,2022,,,,,40.4
48269,2023,35.0,17.8,25.5,20.2,
48271,2022,,,,,40.3
48271,2023,33.5,13.2,20.3,16.8,
48273,2022,,,,,39.5
48273,2023,34.1,13.9,20.7,17.4,
48275,2022,,,,,39.8
48275,2023,34.1,16.0,23.9,19.2,
48279,2022,,,,,39.5
48279,2023,34.1,15.6,22.1,18.6,
48281,2022,,,,,41.2
48281,2023,32.2,14.3,24.9,19.0,
48283,2022,,,,,41.6
48283,2023,35.4,17.0,19.7,18.1,
48295,2022,,,,,37.9
48295,2023,32.8,14.7,23.0,18.2,
48299,2022,,,,,37.9
48299,2023,31.4,13.7,24.6,18.2,
48303,2022,,,,,35.9
48303,2023,31.9,13.7,22.4,17.7,
48305,2022,,,,,39.3
48305,2023,34.3,16.0,23.5,18.9,
48307,2022,,,,,39.6
48307,2023,33.0,15.7,24.2,19.1,
48311,2022,,,,,41.3
48311,2023,35.2,16.7,22.8,19.0,
48313,2022,,,,,40.6
48313,2023,35.9,17.1,22.1,19.0,
48317,2022,,,,,39.0
48317,2023,31.5,13.8,22.2,18.0,
48319,2022,,,,,36.6
48319,2023,30.3,12.4,23.5,17.2,
48321,2022,,,,,41.4
48321,2023,35.0,15.5,22.7,18.6,
48327,2022,,,,,37.7
48327,2023,32.5,15.0,23.5,18.6,
48329,2022,,,,,39.2
48329,2023,31.8,11.9,21.0,16.8,
48333,2022,,,,,36.9
48333,2023,30.7,13.7,24.1,18.2,
48335,2022,,,,,41.3
48335,2023,35.9,16.7,20.9,18.2,
48337,2022,,,,,38.7
48337,2023,32.2,16.1,25.9,19.8,
48341,2022,,,,,39.3
48341,2023,34.4,15.8,21.2,18.4,
48345,2022,,,,,37.8
48345,2023,32.2,15.2,24.5,19.0,
48353,2022,,,,,40.8
48353,2023,35.7,17.7,24.0,19.8,
48357,2022,,,,,38.2
48357,2023,33.9,15.2,22.2,18.2,
48359,2022,,,,,37.6
48359,2023,32.3,14.9,25.0,19.0,
48361,2022,,,,,41.9
48361,2023,33.5,15.8,25.6,19.8,
48363,2022,,,,,40.1
48363,2023,33.0,16.7,25.1,19.9,
48367,2022,,,,,38.3
48367,2023,30.4,12.7,24.7,17.8,
48369,2022,,,,,38.3
48369,2023,32.3,13.7,20.5,17.3,
48371,2022,,,,,40.3
48371,2023,35.5,15.7,19.6,17.5,
48375,2022,,,,,41.5
48375,2023,36.3,17.5,23.1,19.5,
48377,2022,,,,,41.5
48377,2023,35.9,16.2,20.6,18.3,
48379,2022,,,,,38.8
48379,2023,32.0,14.9,25.2,19.1,
48381,2022,,,,,36.3
48381,2023,31.1,12.2,23.8,17.6,
48383,2022,,,,,39.7
48383,2023,33.1,12.9,19.6,16.7,
48385,2022,,,,,39.7
48385,2023,34.3,17.0,25.0,19.8,
48389,2022,,,,,41.1
48389,2023,35.5,15.9,19.5,17.9,
48391,2022,,,,,39.9
48391,2023,34.3,15.5,22.2,18.7,
48393,2022,,,,,37.6
48393,2023,29.6,12.7,24.6,18.1,
48399,2022,,,,,39.7
48399,2023,32.3,14.7,23.1,18.4,
48411,2022,,,,,39.8
48411,2023,33.6,16.1,22.9,18.6,
48413,2022,,,,,39.7
48413,2023,31.2,12.6,21.4,17.1,
48415,2022,,,,,39.8
48415,2023,33.0,14.6,22.5,18.1,
48417,2022,,,,,37.1
48417,2023,30.5,12.8,24.6,17.9,
48421,2022,,,,,38.5
48421,2023,30.8,12.6,21.6,17.0,
48425,2022,,,,,34.5
48425,2023,30.7,13.3,24.3,18.1,
48427,2022,,,,,42.7
48427,2023,37.5,17.6,21.0,19.2,
48429,2022,,,,,40.1
48429,2023,33.5,16.3,23.6,18.9,
48431,2022,,,,,37.6
48431,2023,28.7,11.2,21.9,16.7,
48433,2022,,,,,39.4
48433,2023,33.1,16.1,24.4,19.4,
48435,2022,,,,,39.7
48435,2023,33.1,14.4,21.2,17.8,
48437,2022,,,,,41.1
48437,2023,37.5,18.3,22.3,19.2,
48441,2022,,,,,37.9
48441,2023,33.0,13.9,23.4,18.3,
48443,2022,,,,,37.3
48443,2023,29.4,10.0,20.3,15.5,
48447,2022,,,,,37.8
48447,2023,33.2,15.9,25.6,19.5,
48449,2022,,,,,41.7
48449,2023,35.1,16.9,22.9,19.4,
48451,2022,,,,,39.1
48451,2023,32.7,13.3,23.4,17.9,
48455,2022,,,,,39.3
48455,2023,34.6,17.4,25.9,20.5,
48457,2022,,,,,39.5
48457,2023,37.0,20.3,25.3,20.8,
48465,2022,,,,,39.4
48465,2023,33.3,13.7,19.4,17.1,
48469,2022,,,,,39.4
48469,2023,32.4,14.2,22.1,18.2,
48471,2022,,,,,42.9
48471,2023,37.7,17.2,22.3,19.0,
48475,2022,,,,,40.2
48475,2023,33.3,14.7,21.5,18.2,
48479,2022,,,,,37.5
48479,2023,33.0,13.1,18.8,16.8,
48483,2022,,,,,39.5
48483,2023,33.5,16.3,24.7,19.6,
48487,2022,,,,,40.6
48487,2023,36.2,18.6,24.4,20.4,
48489,2022,,,,,41.9
48489,2023,36.9,17.4,19.4,18.3,
48495,2022,,,,,38.6
48495,2023,32.6,14.0,20.7,17.6,
48501,2022,,,,,40.4
48501,2023,32.0,13.3,21.0,17.4,
48503,2022,,,,,39.2
48503,2023,32.5,14.9,24.6,18.8,
48505,2022,,,,,42.5
48505,2023,37.4,17.8,20.6,19.0,
48507,2022,,,,,42.3
48507,2023,39.4,18.7,21.1,19.5,
49001,2022,,,,,35.8
49001,2023,27.7,9.7,25.7,17.4,
49003,2022,,,,,37.9
49003,2023,28.2,9.9,26.6,18.1,
49005,2022,,,,,32.8
49005,2023,28.7,9.1,26.6,16.6,
49009,2022,,,,,35.3
49009,2023,30.0,11.4,26.7,18.5,
49011,2022,,,,,33.6
49011,2023,27.4,7.4,28.7,17.0,
49013,2022,,,,,32.0
49013,2023,29.6,11.8,26.0,19.1,
49015,2022,,,,,37.9
49015,2023,30.0,11.3,28.2,18.5,
49017,2022,,,,,36.8
49017,2023,28.3,9.8,26.4,17.3,
49019,2022,,,,,36.7
49019,2023,28.8,10.4,26.4,17.7,
49021,2022,,,,,32.7
49021,2023,28.4,10.8,27.2,18.1,
49023,2022,,,,,35.2
49023,2023,28.5,10.6,26.4,18.3,
49025,2022,,,,,35.1
49025,2023,28.7,9.7,26.8,17.5,
49027,2022,,,,,32.3
49027,2023,29.9,11.2,26.4,18.3,
49029,2022,,,,,35.8
49029,2023,26.4,7.7,25.2,16.1,
49033,2022,,,,,34.9
49033,2023,28.8,10.5,27.5,18.1,
49035,2022,,,,,35.0
49035,2023,28.1,8.3,27.5,17.2,
49037,2022,,,,,38.8
49037,2023,34.6,16.2,27.0,21.3,
49039,2022,,,,,37.7
49039,2023,28.6,11.9,26.7,18.5,
49041,2022,,,,,36.7
49041,2023,29.7,10.6,28.4,18.6,
49043,2022,,,,,25.8
49043,2023,24.2,6.5,23.4,14.5,
49045,2022,,,,,39.2
49045,2023,30.3,9.3,27.3,16.8,
49047,2022,,,,,37.3
49047,2023,30.2,12.5,27.2,18.8,
49049,2022,,,,,31.8
49049,2023,27.9,7.0,25.1,15.7,
49051,2022,,,,,28.3
49051,2023,24.9,7.3,22.8,15.1,
49053,2022,,,,,34.9
49053,2023,29.2,8.7,26.8,17.0,
49057,2022,,,,,33.7
49057,2023,29.5,9.2,28.0,18.5,
51009,2022,,,,,37.7
51009,2023,34.9,16.3,24.8,19.3,
51015,2022,,,,,37.0
51015,2023,31.7,15.0,26.2,18.7,
51023,2022,,,,,35.0
51023,2023,31.3,13.4,25.6,17.9,
51051,2022,,,,,39.2
51051,2023,36.1,21.3,28.5,21.9,
51071,2022,,,,,36.7
51071,2023,33.0,16.4,26.6,19.5,
51105,2022,,,,,39.5
51105,2023,37.8,21.7,27.2,21.4,
51125,2022,,,,,35.7
51125,2023,32.7,14.4,25.1,18.2,
51143,2022,,,,,37.4
51143,2023,37.6,18.8,24.8,19.9,
51163,2022,,,,,35.8
51163,2023,32.0,14.6,25.6,18.5,
51165,2022,,,,,33.2
51165,2023,31.7,14.5,25.1,18.4,
51167,2022,,,,,38.9
51167,2023,35.1,19.5,28.3,21.0,
51169,2022,,,,,38.3
51169,2023,35.2,19.4,28.9,21.0,
51173,2022,,,,,39.6
51173,2023,34.0,18.8,27.7,20.8,
51185,2022,,,,,40.9
51185,2023,36.3,18.8,28.6,20.8,
51195,2022,,,,,36.8
51195,2023,37.4,19.9,27.2,21.1,
51520,2022,,,,,37.5
51520,2023,34.8,17.8,27.1,20.1,
51640,2022,,,,,38.1
51640,2023,36.6,19.5,27.4,20.9,
51720,2022,,,,,38.5
51720,2023,36.7,20.1,27.8,21.2,
51750,2022,,,,,36.7
51750,2023,37.5,18.5,27.9,20.7,
51790,2022,,,,,37.2
51790,2023,32.4,13.9,25.6,18.5,
53001,2022,,,,,29.8
53001,2023,32.2,14.5,22.3,18.3,
53003,2022,,,,,31.8
53003,2023,29.6,13.9,27.6,19.6,
53005,2022,,,,,31.9
53005,2023,26.9,10.5,24.3,16.7,
53007,2022,,,,,28.9
53007,2023,27.3,11.7,25.6,17.5,
53013,2022,,,,,30.8
53013,2023,27.8,12.6,27.9,18.6,
53017,2022,,,,,29.9
53017,2023,28.7,12.0,23.2,17.5,
53019,2022,,,,,37.5
53019,2023,30.7,16.7,27.6,20.8,
53021,2022,,,,,35.9
53021,2023,29.1,12.2,20.9,17.4,
53023,2022,,,,,32.8
53023,2023,29.0,11.9,25.6,18.0,
53025,2022,,,,,33.1
53025,2023,31.1,13.0,23.9,18.2,
53031,2022,,,,,29.4
53031,2023,27.5,10.5,27.4,17.4,
53033,2022,,,,,29.1
53033,2023,26.2,7.1,23.4,14.7,
53037,2022,,,,,30.9
53037,2023,28.5,12.2,26.8,18.5,
53039,2022,,,,,33.3
53039,2023,26.8,12.4,25.7,18.3,
53041,2022,,,,,37.4
53041,2023,30.6,14.7,27.9,19.4,
53043,2022,,,,,33.3
53043,2023,28.3,12.3,25.2,18.4,
53045,2022,,,,,34.1
53045,2023,29.7,13.3,26.9,19.0,
53047,2022,,,,,35.8
53047,2023,30.9,15.8,25.9,19.2,
53051,2022,,,,,32.3
53051,2023,29.3,14.0,27.0,19.7,
53057,2022,,,,,32.2
53057,2023,27.4,11.7,26.8,17.4,
53063,2022,,,,,33.5
53063,2023,28.5,12.0,27.1,18.2,
53065,2022,,,,,32.1
53065,2023,29.3,14.5,26.4,18.5,
53071,2022,,,,,30.4
53071,2023,28.4,11.9,25.6,17.7,
53073,2022,,,,,30.1
53073,2023,26.4,11.6,30.1,18.5,
53075,2022,,,,,31.1
53075,2023,30.3,12.7,27.1,19.0,
53077,2022,,,,,31.4
53077,2023,31.2,13.2,22.8,18.2,
54005,2022,,,,,44.0
54005,2023,40.4,22.4,32.9,24.1,
54011,2022,,,,,42.5
54011,2023,37.1,19.4,33.4,22.9,
54019,2022,,,,,48.2
54019,2023,38.3,22.2,33.2,24.3,
54031,2022,,,,,43.9
54031,2023,40.0,22.1,32.0,23.7,
54039,2022,,,,,40.5
54039,2023,39.9,19.6,31.8,23.0,
54043,2022,,,,,44.7
54043,2023,40.3,25.1,34.4,24.9,
54045,2022,,,,,45.9
54045,2023,41.0,24.6,36.2,25.4,
54047,2022,,,,,47.5
54047,2023,44.6,29.3,32.6,26.0,
54059,2022,,,,,48.7
54059,2023,42.8,28.0,36.0,26.6,
54063,2022,,,,,42.4
54063,2023,38.7,21.5,32.9,23.4,
54067,2022,,,,,42.3
54067,2023,38.4,21.3,33.1,23.5,
54071,2022,,,,,41.8
54071,2023,37.5,20.5,31.9,23.0,
54079,2022,,,,,41.5
54079,2023,37.7,16.5,31.6,21.4,
54081,2022,,,,,44.1
54081,2023,41.2,21.1,32.2,24.3,
54099,2022,,,,,46.0
54099,2023,39.4,22.3,33.3,24.1,
54109,2022,,,,,45.7
54109,2023,42.1,25.2,33.7,25.0,
55081,2022,,,,,32.1
55081,2023,31.0,17.1,26.4,18.1,
55135,2022,,,,,34.3
55135,2023,30.0,15.9,24.5,17.5,
56001,2022,,,,,32.0
56001,2023,30.1,12.9,22.7,15.9,
56003,2022,,,,,31.9
56003,2023,29.4,16.1,23.0,17.7,
56005,2022,,,,,34.3
56005,2023,28.1,15.0,23.0,17.0,
56007,2022,,,,,32.9
56007,2023,30.2,15.7,20.6,17.0,
56009,2022,,,,,34.0
56009,2023,29.4,15.4,22.0,17.4,
56011,2022,,,,,31.4
56011,2023,26.9,13.7,21.8,16.9,
56013,2022,,,,,32.5
56013,2023,30.3,16.9,21.7,17.8,
56015,2022,,,,,32.4
56015,2023,29.6,14.8,22.4,16.7,
56017,2022,,,,,31.9
56017,2023,29.1,15.9,23.2,17.6,
56019,2022,,,,,31.3
56019,2023,28.2,15.3,21.8,17.2,
56021,2022,,,,,34.4
56021,2023,27.5,13.5,21.7,16.7,
56023,2022,,,,,32.1
56023,2023,28.7,14.1,21.2,16.6,
56025,2022,,,,,35.2
56025,2023,27.1,15.0,23.9,17.2,
56027,2022,,,,,32.8
56027,2023,28.9,16.8,24.4,18.8,
56029,2022,,,,,31.8
56029,2023,26.9,13.1,22.7,16.2,
56031,2022,,,,,34.5
56031,2023,29.6,15.8,22.0,17.9,
56033,2022,,,,,30.8
56033,2023,27.8,13.2,24.6,16.5,
56035,2022,,,,,33.1
56035,2023,27.2,12.8,21.9,16.1,
56037,2022,,,,,39.0
56037,2023,28.8,15.9,24.0,17.8,
56039,2022,,,,,27.2
56039,2023,24.3,9.0,18.4,13.3,
56041,2022,,,,,35.7
56041,2023,27.9,14.9,21.5,17.2,
56043,2022,,,,,33.1
56043,2023,28.7,15.9,22.0,17.3,
56045,2022,,,,,31.7
56045,2023,28.4,15.9,20.7,17.3,
