treated_GEOID,treated_NAME,treated_STATE,treated_first_fire_yr,treated_total_acres,treated_WHP_rank,treated_RUCC,treated_BldDE,treated_pre_fire,treated_pop_2014,treated_income_2014,control_GEOID,control_NAME,control_STATE,control_WHP_rank,control_RUCC,control_BldDE,control_pre_fire,control_pop_2014,control_income_2014,mahalanobis_dist
36111,Ulster,36,2016,1927.0,0.317,3,0.777,1,181598,58592,42019,Butler,42,0.233,1,0.632,0,185034,59365,0.0439
27001,Aitkin,27,2015,2742.0,0.373,8,0.896,1,15964,42036,39067,Harrison,39,0.291,6,0.82,0,15698,41819,0.0123
53031,Jefferson,53,2015,5493.0,0.208,6,0.552,1,29978,47202,55123,Vernon,55,0.203,6,0.654,0,30124,47075,0.0074
53009,Clallam,53,2015,8634062.0,0.233,5,0.452,1,72024,47008,38035,Grand Forks,38,0.295,3,0.306,0,68144,47050,0.0129
53073,Whatcom,53,2015,406078.0,0.377,3,0.428,1,204855,53025,10005,Sussex,10,0.401,2,0.42,1,203737,53505,0.0283
36105,Sullivan,36,2015,2748.0,0.321,4,0.873,0,76892,49388,41003,Benton,41,0.279,3,0.376,0,86034,49338,0.0295
20055,Finney,20,2017,3106.0,0.353,5,0.259,0,37099,47994,31053,Dodge,31,0.381,4,0.208,0,36742,47991,0.0011
53045,Mason,53,2018,3543.0,0.223,4,0.659,1,60728,49538,37077,Granville,37,0.286,4,0.875,0,57955,49655,0.0119
20075,Hamilton,20,2016,1101.0,0.539,9,0.516,1,2632,44274,08121,Washington,08,0.511,9,0.692,1,4781,44271,0.0068
51009,Amherst,51,2016,11000.0,0.555,2,0.866,1,32237,44765,20051,Ellis,20,0.461,5,0.296,1,28878,45127,0.0248
04027,Yuma,04,2019,1175.0,0.409,3,0.225,1,201453,41380,37071,Gaston,37,0.447,1,0.622,0,208379,42158,0.0464
30073,Pondera,30,2015,59730.0,0.515,7,0.55,0,6211,40969,20013,Brown,20,0.505,6,0.425,0,9926,41126,0.0136
56003,Big Horn,56,2018,2010.0,0.504,9,0.414,1,11827,52432,29151,Osage,29,0.493,3,0.901,1,13812,52479,0.0064
56017,Hot Springs,56,2016,3999.0,0.584,7,0.477,1,4826,45385,13007,Baker,13,0.53,3,0.82,0,3342,45526,0.01
06075,San Francisco,06,2015,26517.0,0.513,1,0.004,1,829072,78378,48085,Collin,48,0.575,1,0.17,0,836947,84233,0.3325
41047,Marion,41,2017,14054.0,0.451,2,0.254,1,320448,47360,42079,Luzerne,42,0.448,2,0.371,1,320392,45118,0.1285
32023,Nye,32,2017,14832.0,0.533,4,0.264,1,42938,41757,29161,Phelps,29,0.601,5,0.715,1,45091,41942,0.0116
20023,Cheyenne,20,2019,4277.0,0.544,9,0.579,1,2695,39681,27087,Mahnomen,27,0.586,8,0.688,1,5486,39924,0.0152
37189,Watauga,37,2016,1478.0,0.589,5,0.896,0,51903,35491,13275,Thomas,13,0.561,4,0.755,0,44733,35515,0.0229
56037,Sweetwater,56,2015,17079.0,0.488,5,0.226,1,44595,69448,31177,Washington,31,0.489,2,0.511,0,20264,68207,0.0959
20167,Russell,20,2017,4052.0,0.543,7,0.432,1,6959,40369,29137,Monroe,29,0.434,9,0.7,0,8725,40342,0.006
35013,Doña Ana,35,2018,4878.0,0.403,3,0.371,1,212942,38426,28049,Hinds,28,0.492,2,0.47,0,246364,38021,0.1117
08073,Lincoln,08,2016,15028.0,0.572,8,0.629,1,5462,43701,20105,Lincoln,20,0.499,9,0.534,1,3180,43487,0.0132
41039,Lane,41,2017,65603.0,0.573,2,0.334,1,354764,43685,42079,Luzerne,42,0.448,2,0.371,1,320392,45118,0.1463
42089,Monroe,42,2016,7887.0,0.431,3,0.858,0,168342,57748,28121,Rankin,28,0.576,2,0.554,0,145483,58811,0.1017
16017,Bonner,16,2015,12890.0,0.597,6,0.781,1,40899,41879,48481,Wharton,48,0.546,4,0.602,0,41219,41992,0.0064
45045,Greenville,45,2016,7871.0,0.523,2,0.529,0,467087,49968,20173,Sedgwick,20,0.463,2,0.136,0,503788,50326,0.1144
13245,Richmond,13,2019,1371.0,0.536,2,0.309,0,201244,37704,28049,Hinds,28,0.492,2,0.47,0,246364,38021,0.1407
51015,Augusta,51,2018,1759.0,0.572,3,0.778,1,73707,54018,13013,Barrow,13,0.448,1,0.704,0,70873,53256,0.0431
49015,Emery,49,2016,20999.0,0.451,7,0.436,1,10834,50653,38021,Dickey,38,0.447,9,0.695,0,5234,50634,0.0175
35031,McKinley,35,2019,7821.0,0.422,5,0.717,0,73082,29812,13095,Dougherty,13,0.561,3,0.445,0,93890,31458,0.1059
22069,Natchitoches,22,2015,2515.0,0.543,6,0.629,1,39359,33629,13261,Sumter,13,0.494,6,0.69,0,31804,33694,0.0247
54071,Pendleton,54,2019,1327.0,0.565,8,0.939,1,7525,36052,26153,Schoolcraft,26,0.418,7,0.732,1,8345,35955,0.0065
01079,Lawrence,01,2015,2285.0,0.448,3,0.883,1,33835,40356,22053,Jefferson Davis,22,0.45,6,0.499,0,31492,40335,0.0073
37023,Burke,37,2016,10580.0,0.559,2,0.853,1,90164,37735,54011,Cabell,54,0.556,2,0.387,0,96826,37716,0.0212
08125,Yuma,08,2018,1866.0,0.515,7,0.574,0,10131,43279,29111,Lewis,29,0.412,9,0.562,0,10176,43000,0.016
51125,Nelson,51,2016,1566.0,0.532,3,0.974,1,14892,50131,20041,Dickinson,20,0.595,7,0.467,0,19641,50123,0.0151
08057,Jackson,08,2016,44198.0,0.461,9,0.786,1,1389,45606,30045,Judith Basin,30,0.523,8,0.752,1,2023,45670,0.0039
08075,Logan,08,2017,30077.0,0.533,7,0.438,1,22604,41749,13229,Pierce,13,0.557,6,0.833,0,18860,41685,0.0118
30099,Teton,30,2015,30519.0,0.581,8,0.627,1,6075,45572,13007,Baker,13,0.53,3,0.82,0,3342,45526,0.0086
20079,Harvey,20,2016,10663.0,0.459,2,0.27,1,34797,49576,48477,Washington,48,0.542,6,0.78,0,34039,49236,0.0192
30041,Hill,30,2017,21156.0,0.446,7,0.475,1,16434,44368,21079,Garrard,21,0.409,6,0.928,0,16880,44304,0.0041
20083,Hodgeman,20,2017,8503.0,0.446,9,0.66,1,1941,53190,38073,Ransom,38,0.502,8,0.662,1,5452,53472,0.0181
08021,Conejos,08,2019,2261.0,0.433,9,0.584,0,8276,37357,13319,Wilkinson,13,0.514,8,0.877,0,9455,37258,0.0073
49037,San Juan,49,2019,4676.0,0.531,7,0.81,1,14944,41411,22059,LaSalle,22,0.455,6,0.831,0,14874,41173,0.0136
30107,Wheatland,30,2017,4027.0,0.454,9,0.632,1,2126,33825,08023,Costilla,08,0.467,9,0.766,1,3578,33594,0.0147
30105,Valley,30,2017,2669.0,0.597,7,0.525,1,7518,49198,31023,Butler,31,0.408,6,0.43,0,8312,49241,0.0032
51165,Rockingham,51,2016,9299.0,0.557,3,0.728,1,77345,53728,29051,Cole,29,0.588,3,0.546,0,76426,53228,0.0283
20163,Rooks,20,2017,1662.0,0.466,9,0.385,1,5174,43816,08115,Sedgwick,08,0.435,9,0.412,0,2365,43864,0.0097
49019,Grand,49,2018,9216.0,0.587,7,0.533,1,9348,44239,29089,Howard,29,0.474,6,0.7,0,10183,44081,0.0098
30019,Daniels,30,2017,1711.0,0.554,9,0.515,0,1813,48643,31063,Frontier,31,0.415,9,0.627,0,2540,48713,0.0043
49033,Rich,49,2018,14387.0,0.773,8,0.829,1,2285,50573,48461,Upton,48,0.704,8,0.531,0,3339,50982,0.0231
56023,Lincoln,56,2017,9776.0,0.679,7,0.785,1,18180,66530,48301,Loving,48,0.614,9,0.879,1,89,65625,0.0707
16051,Jefferson,16,2017,19727.0,0.784,3,0.532,1,26620,52495,48171,Gillespie,48,0.764,7,0.815,1,25179,52414,0.006
47115,Marion,47,2016,1778.0,0.793,2,0.79,1,28261,40998,05023,Cleburne,05,0.775,6,0.861,0,25793,40768,0.0142
13115,Floyd,13,2016,1311.0,0.787,3,0.674,0,96146,41046,47011,Bradley,47,0.666,3,0.669,0,101004,41575,0.0317
32001,Churchill,32,2015,79389.0,0.717,6,0.409,1,24347,46195,08087,Morgan,08,0.612,6,0.392,1,28342,46223,0.0125
56013,Fremont,56,2015,17051.0,0.728,7,0.599,1,40739,51749,48473,Waller,48,0.715,1,0.787,1,44825,50939,0.0501
56041,Uinta,56,2016,2993.0,0.63,7,0.541,1,20989,56158,20087,Jefferson,20,0.665,3,0.762,0,18932,56531,0.0233
38085,Sioux,38,2015,4652.0,0.72,3,0.772,1,4317,40152,31015,Boyd,31,0.609,9,0.736,1,2067,40083,0.0076
32003,Clark,32,2019,4102.0,0.75,1,0.037,1,2003613,52070,48439,Tarrant,48,0.699,1,0.162,1,1881469,57727,0.5425
30059,Meagher,30,2017,7022.0,0.678,9,0.728,1,2026,38144,31091,Hooker,31,0.714,9,0.569,1,688,38011,0.0081
16065,Madison,16,2019,4533.0,0.777,4,0.318,0,37754,32052,45029,Colleton,45,0.732,6,0.848,0,38247,32224,0.0097
49013,Duchesne,49,2018,5160.0,0.617,7,0.758,1,19378,60700,08091,Ouray,08,0.645,9,0.826,0,4532,60701,0.0469
37115,Madison,37,2016,6082.0,0.758,2,0.975,1,20951,38251,45081,Saluda,45,0.619,2,0.893,0,19973,38216,0.0034
16037,Custer,16,2015,78376.0,0.762,8,0.714,1,4284,39432,08061,Kiowa,08,0.671,9,0.609,1,1407,39375,0.0091
29179,Reynolds,29,2015,1676.0,0.659,9,0.929,1,6644,34432,13181,Lincoln,13,0.633,2,0.943,0,7800,34596,0.0095
06067,Sacramento,06,2017,1586.0,0.794,1,0.102,1,1450277,55615,48029,Bexar,48,0.629,1,0.179,0,1789088,50867,1.1459
08099,Prowers,08,2018,10398.0,0.782,7,0.366,1,12359,35408,22091,St. Helena,22,0.708,2,0.978,0,10937,35262,0.0088
29043,Christian,29,2019,2363.0,0.667,2,0.613,0,79856,52693,48409,San Patricio,48,0.716,2,0.329,1,65509,51760,0.0643
05071,Johnson,05,2017,1900.0,0.674,7,0.843,1,25791,32553,13055,Chattooga,13,0.785,6,0.819,0,25484,32496,0.0033
04017,Navajo,04,2015,72673.0,0.712,4,0.683,1,107489,36591,01121,Talladega,01,0.791,4,0.812,0,81673,35896,0.0848
08101,Pueblo,08,2016,13232.0,0.793,3,0.256,1,160757,41974,45041,Florence,45,0.732,3,0.641,0,138058,42321,0.0774
20115,Marion,20,2016,4990.0,0.603,6,0.519,1,12401,45964,48475,Ward,48,0.733,6,0.405,1,11011,45938,0.0044
56043,Washakie,56,2016,65886.0,0.694,7,0.363,1,8444,45696,48475,Ward,48,0.733,6,0.405,1,11011,45938,0.0149
48225,Houston,48,2016,1156.0,0.715,7,0.777,1,23151,32855,28079,Leake,28,0.653,6,0.936,0,23368,32953,0.0055
08037,Eagle,08,2018,12512.0,0.673,5,0.422,1,52233,73774,48259,Kendall,48,0.746,1,0.771,0,36058,74320,0.0641
08113,San Miguel,08,2018,1351.0,0.765,9,0.765,1,7597,59490,20143,Ottawa,20,0.617,9,0.52,1,6075,60098,0.0359
40089,McCurtain,40,2016,5204.0,0.796,7,0.822,1,33164,33012,01017,Chambers,01,0.771,6,0.741,0,34091,32835,0.011
05127,Scott,05,2018,1055.0,0.745,6,0.861,0,11024,36754,13173,Lanier,13,0.614,3,0.783,0,10356,36904,0.0092
08055,Huerfano,08,2018,107022.0,0.722,6,0.696,1,6550,32932,46031,Corson,46,0.688,9,0.794,1,4122,32892,0.0076
04013,Maricopa,04,2017,157123.0,0.759,1,0.132,1,3947382,53689,48201,Harris,48,0.616,1,0.057,1,4269608,53822,1.0166
48137,Edwards,48,2015,19189.0,0.778,9,0.868,1,2037,41726,31071,Garfield,31,0.689,9,0.611,0,1954,41776,0.0029
35006,Cibola,35,2018,13503.0,0.669,6,0.68,1,27392,36279,48067,Cass,48,0.646,6,0.794,1,30350,36342,0.0095
08045,Garfield,08,2016,9081.0,0.799,5,0.493,1,56684,57214,48325,Medina,48,0.765,1,0.776,0,46965,56338,0.0545
56011,Crook,56,2016,8377.0,0.75,9,0.823,1,7155,58795,30095,Stillwater,30,0.781,8,0.708,1,9214,58326,0.0287
06027,Inyo,06,2018,17001.0,0.686,7,0.454,1,18439,45625,51005,Alleghany,51,0.65,6,0.69,1,16133,45183,0.0252
47019,Carter,47,2016,1790.0,0.718,3,0.769,1,57298,32754,21199,Pulaski,21,0.671,5,0.727,0,63505,33425,0.0403
32033,White Pine,32,2015,50905.0,0.772,7,0.421,1,10043,55337,31115,Loup,31,0.673,9,0.776,0,559,55125,0.0305
56007,Carbon,56,2016,55264.0,0.671,7,0.469,1,15795,56933,20087,Jefferson,20,0.665,3,0.762,0,18932,56531,0.0265
48275,Knox,48,2016,2394.0,0.749,9,0.453,1,3776,37018,48385,Real,48,0.776,9,0.907,0,3365,37019,0.0013
30013,Cascade,30,2019,4073.0,0.637,3,0.317,1,81953,45091,48231,Hunt,48,0.642,1,0.729,0,87256,44898,0.0215
40011,Blaine,40,2016,1461.0,0.786,6,0.438,1,9832,44183,48159,Franklin,48,0.712,7,0.834,0,10600,44000,0.0111
35053,Socorro,35,2015,65545.0,0.77,6,0.629,1,17608,33570,12079,Madison,12,0.673,6,0.87,1,18901,33520,0.0054
35015,Eddy,35,2018,6744.0,0.761,5,0.432,1,54834,51303,48473,Waller,48,0.715,1,0.787,1,44825,50939,0.035
48471,Walker,48,2019,1408.0,0.675,4,0.74,1,68882,38903,48347,Nacogdoches,48,0.62,5,0.741,1,65322,39126,0.0183
49041,Sevier,49,2015,9733.0,0.783,7,0.322,1,20812,46327,49007,Carbon,49,0.644,7,0.335,1,21118,46366,0.0023
20057,Ford,20,2017,1958.0,0.606,5,0.346,1,34604,51374,48473,Waller,48,0.715,1,0.787,1,44825,50939,0.0439
49017,Garfield,49,2019,2665.0,0.63,9,0.626,1,5105,44914,46085,Lyman,46,0.644,9,0.693,1,3831,44922,0.0041
30027,Fergus,30,2018,1131.0,0.729,7,0.632,1,11496,42865,12065,Jefferson,12,0.693,2,0.922,0,14335,42866,0.009
37161,Rutherford,37,2016,10314.0,0.63,4,0.866,0,67181,36863,01127,Walker,01,0.701,1,0.882,0,66211,36712,0.0087
38007,Billings,38,2017,5055.0,0.757,9,0.894,1,855,64306,38011,Bowman,38,0.661,9,0.612,0,3192,63750,0.0338
30007,Broadwater,30,2015,9896.0,0.7,9,0.699,1,5697,48211,40053,Grant,40,0.62,9,0.419,0,4523,48345,0.0091
40065,Jackson,40,2017,1269.0,0.674,7,0.292,0,26275,42029,08029,Delta,08,0.723,6,0.616,1,30378,42389,0.0225
53051,Pend Oreille,53,2015,34831.0,0.69,2,0.82,0,12965,40070,48115,Dawson,48,0.704,7,0.243,0,13593,39746,0.019
22079,Rapides,22,2018,1651.0,0.71,3,0.549,1,132199,41305,22105,Tangipahoa,22,0.738,3,0.775,1,124125,40721,0.0387
56025,Natrona,56,2015,12705.0,0.773,3,0.28,1,78667,56769,40145,Wagoner,40,0.787,2,0.663,0,74767,56189,0.0335
22115,Vernon,22,2015,5790.0,0.777,5,0.734,1,52844,46867,48401,Rusk,48,0.643,3,0.751,1,54159,46924,0.0049
08107,Routt,08,2017,2871.0,0.682,7,0.662,1,23428,61095,08091,Ouray,08,0.645,9,0.826,0,4532,60701,0.0603
30083,Richland,30,2017,7830.0,0.638,7,0.43,1,10686,61438,08091,Ouray,08,0.645,9,0.826,0,4532,60701,0.0436
08123,Weld,08,2016,3009.0,0.754,2,0.331,1,265066,58100,05007,Benton,05,0.782,2,0.621,1,232611,56325,0.1323
37113,Macon,37,2016,4376.0,0.737,7,0.919,0,33840,38491,29105,Laclede,29,0.78,6,0.781,1,35544,38693,0.012
16079,Shoshone,16,2015,49600.0,0.722,6,0.459,1,12629,38006,48063,Camp,48,0.673,6,0.724,0,12463,38154,0.0086
37095,Hyde,37,2016,12504.0,0.793,9,0.622,1,5757,44425,20117,Marshall,20,0.637,6,0.469,1,10042,44615,0.0159
47029,Cocke,47,2016,3571.0,0.76,6,0.846,1,35453,30888,01053,Escambia,01,0.784,6,0.754,0,38042,31422,0.0304
13299,Ware,13,2017,166678.0,0.703,5,0.612,1,35915,35247,28085,Lincoln,28,0.791,6,0.841,0,34824,35502,0.0155
53033,King,53,2017,1055.0,0.604,1,0.148,0,2008997,73035,48439,Tarrant,48,0.699,1,0.162,1,1881469,57727,0.9044
35057,Torrance,35,2016,22615.0,0.796,2,0.875,1,16037,34720,28141,Tishomingo,28,0.611,8,0.847,0,19532,34499,0.0181
30005,Blaine,30,2016,1178.0,0.709,9,0.669,1,6576,37065,48385,Real,48,0.776,9,0.907,0,3365,37019,0.0101
38053,McKenzie,38,2015,3388.0,0.774,9,0.667,1,8333,67578,38025,Dunn,38,0.727,9,0.843,1,3965,69063,0.0884
12091,Okaloosa,12,2016,6224.0,0.755,3,0.367,1,188984,55768,45013,Beaufort,45,0.77,3,0.716,0,168453,57295,0.117
48399,Runnels,48,2017,1284.0,0.781,6,0.485,1,10441,38684,20205,Wilson,20,0.778,7,0.567,0,9177,38811,0.0088
12023,Columbia,12,2017,9429.0,0.733,4,0.826,1,67662,39194,48347,Nacogdoches,48,0.62,5,0.741,1,65322,39126,0.0078
20159,Rice,20,2018,5496.0,0.79,7,0.338,1,10050,46342,48369,Parmer,48,0.795,7,0.352,1,10124,46308,0.002
51023,Botetourt,51,2015,1635.0,0.618,2,0.819,1,33105,63011,38011,Bowman,38,0.661,9,0.612,0,3192,63750,0.1096
04015,Mohave,04,2015,19768.0,0.743,3,0.287,1,202482,38456,48041,Brazos,48,0.629,3,0.344,0,201534,39060,0.0352
48021,Bastrop,48,2015,3807.0,0.634,1,0.849,1,75708,53382,01051,Elmore,01,0.687,2,0.83,0,80321,54159,0.0446
29213,Taney,29,2016,8232.0,0.715,4,0.648,1,53086,37249,47073,Hawkins,47,0.756,2,0.857,1,56741,37432,0.0143
30085,Roosevelt,30,2016,16744.0,0.702,7,0.439,1,10861,36825,13173,Lanier,13,0.614,3,0.783,0,10356,36904,0.005
37111,McDowell,37,2016,5211.0,0.662,6,0.867,1,44982,36271,12039,Gadsden,12,0.69,2,0.838,0,46865,36146,0.01
56029,Park,56,2016,65743.0,0.768,7,0.525,1,28735,56318,20087,Jefferson,20,0.665,3,0.762,0,18932,56531,0.0351
48109,Culberson,48,2016,14508.0,0.708,9,0.545,1,2325,35302,46095,Mellette,46,0.775,9,0.806,1,2084,35478,0.0102
13241,Rabun,13,2016,26268.0,0.767,7,0.929,0,16267,34043,12013,Calhoun,12,0.696,6,0.904,1,14657,34053,0.0052
51163,Rockbridge,51,2017,2308.0,0.635,6,0.914,1,22367,48550,31043,Dakota,31,0.694,3,0.222,0,20902,48508,0.0049
49047,Uintah,49,2017,5108.0,0.648,7,0.623,1,34576,62363,08091,Ouray,08,0.645,9,0.826,0,4532,60701,0.1231
20125,Montgomery,20,2015,1664.0,0.743,5,0.505,1,34602,40716,48217,Hill,48,0.777,6,0.706,0,35027,40994,0.0158
31069,Garden,31,2019,6115.0,0.734,9,0.639,1,1939,41410,48305,Lynn,48,0.747,2,0.38,1,5806,41541,0.0133
30021,Dawson,30,2018,1384.0,0.606,7,0.437,1,9219,49955,20095,Kingman,20,0.789,2,0.563,0,7820,50000,0.0055
06101,Sutter,06,2018,1021.0,0.789,3,0.256,0,95067,51527,01115,St. Clair,01,0.753,1,0.83,0,85242,51317,0.0314
20077,Harper,20,2015,1444.0,0.785,8,0.398,1,5906,41332,48305,Lynn,48,0.747,2,0.38,1,5806,41541,0.012
30035,Glacier,30,2015,10776.0,0.768,7,0.594,1,13641,33493,12079,Madison,12,0.673,6,0.87,1,18901,33520,0.0164
12113,Santa Rosa,12,2015,3629.0,0.795,2,0.564,1,158240,58199,28033,DeSoto,28,0.615,1,0.504,0,166266,58995,0.0485
20031,Coffey,20,2019,1003.0,0.752,6,0.586,1,8493,56274,20087,Jefferson,20,0.665,3,0.762,0,18932,56531,0.0339
45053,Jasper,45,2016,1472.0,0.74,3,0.837,1,26042,37801,13305,Wayne,13,0.624,6,0.774,0,30170,37970,0.0149
20053,Ellsworth,20,2017,1929.0,0.701,7,0.491,0,6443,45417,27077,Lake of the Woods,27,0.639,9,0.813,1,3976,45119,0.0176
05089,Marion,05,2015,1353.0,0.762,9,0.903,1,16534,33293,29015,Benton,29,0.734,7,0.782,1,18961,33145,0.0123
16021,Boundary,16,2015,5885.0,0.736,7,0.778,1,10903,39204,48343,Morris,48,0.716,6,0.648,0,12805,39387,0.0112
40105,Nowata,40,2015,18086.0,0.723,6,0.793,1,10555,40203,48267,Kimble,48,0.684,7,0.773,1,4522,40000,0.0207
53075,Whitman,53,2016,15644.0,0.748,4,0.31,1,46003,35578,05005,Baxter,05,0.739,7,0.748,0,41154,35594,0.0155
48175,Goliad,48,2019,1001.0,0.794,3,0.885,1,7357,49702,20095,Kingman,20,0.789,2,0.563,0,7820,50000,0.0169
08077,Mesa,08,2016,38813.0,0.799,3,0.24,1,147509,48610,06031,Kings,06,0.786,3,0.251,1,151390,47341,0.0757
30071,Phillips,30,2017,27560.0,0.7,9,0.651,1,4194,38426,31133,Pawnee,31,0.744,9,0.59,0,2754,38462,0.0053
13083,Dade,13,2016,1013.0,0.779,2,0.902,1,16533,44992,48389,Reeves,48,0.631,7,0.381,0,13978,44950,0.0081
37019,Brunswick,37,2016,1469.0,0.774,2,0.587,1,112907,46955,48181,Grayson,48,0.69,3,0.647,0,121975,47631,0.0443
27029,Clearwater,27,2018,6402.0,0.648,8,0.843,1,8735,45105,31123,Morrill,31,0.737,9,0.504,1,4918,45000,0.0126
56035,Sublette,56,2016,92754.0,0.751,9,0.812,1,10183,78578,08014,Broomfield,08,0.691,1,0.09,0,59027,80430,0.1726
48479,Webb,48,2018,1221.0,0.616,2,0.133,1,259471,38679,48041,Brazos,48,0.629,3,0.344,0,201534,39060,0.1878
56015,Goshen,56,2016,20938.0,0.798,7,0.497,1,13555,45287,51005,Alleghany,51,0.65,6,0.69,1,16133,45183,0.0108
01021,Chilton,01,2019,1204.0,0.73,1,0.877,1,43781,41785,47145,Roane,47,0.756,2,0.727,1,53413,41726,0.0311
12073,Leon,12,2018,7673.0,0.787,2,0.674,1,280882,46620,13051,Chatham,13,0.754,2,0.444,1,275303,46987,0.0295
13111,Fannin,13,2016,27621.0,0.752,8,0.938,0,23632,35441,28145,Union,28,0.687,6,0.87,0,27536,35389,0.0131
48319,Mason,48,2015,11454.0,0.781,9,0.899,1,4061,45536,31075,Grant,31,0.731,9,0.853,1,649,45268,0.0173
37043,Clay,37,2016,8638.0,0.789,9,0.959,0,10616,36089,28037,Franklin,28,0.73,9,0.916,1,7944,35995,0.0093
08049,Grand,08,2018,21930.0,0.623,7,0.74,0,14478,64109,38011,Bowman,38,0.661,9,0.612,0,3192,63750,0.0382
30057,Madison,30,2018,11380.0,0.718,9,0.845,1,7723,44764,20117,Marshall,20,0.637,6,0.469,1,10042,44615,0.0121
30001,Beaverhead,30,2015,18760.0,0.724,7,0.66,1,9294,42577,46129,Walworth,46,0.627,7,0.491,1,5498,42643,0.0131
01027,Clay,01,2016,2095.0,0.886,9,0.961,1,13617,35286,48133,Eastland,48,0.875,6,0.688,1,18403,35221,0.0161
48011,Armstrong,48,2018,90871.0,0.969,2,0.661,1,1947,61250,48295,Lipscomb,48,0.993,9,0.613,1,3418,61151,0.0079
41063,Wallowa,41,2017,7096.0,0.936,9,0.703,1,6893,41522,56031,Platte,56,0.873,7,0.592,1,8730,41299,0.0149
40001,Adair,40,2017,2177.0,0.932,6,0.898,1,22380,33325,51051,Dickenson,51,0.892,9,0.945,0,15612,33106,0.023
35035,Otero,35,2018,1383.0,0.962,4,0.598,1,65415,40614,28109,Pearl River,28,0.913,6,0.879,1,55293,40997,0.0416
35003,Catron,35,2015,155395.0,0.943,9,0.944,1,3651,39342,56027,Niobrara,56,0.812,9,0.67,1,2492,39567,0.014
48057,Calhoun,48,2018,1015.0,0.831,6,0.348,1,21569,47546,48227,Howard,48,0.855,4,0.393,1,35702,47994,0.0478
48077,Clay,48,2015,2039.0,0.955,3,0.718,1,10547,50025,48501,Yoakum,48,0.856,7,0.385,0,8054,50167,0.0122
40135,Sequoyah,40,2017,8499.0,0.959,2,0.802,1,41720,37483,54099,Wayne,54,0.823,2,0.679,1,41735,37491,0.0005
20073,Greenwood,20,2016,17036.0,0.922,6,0.686,1,6495,39286,56027,Niobrara,56,0.812,9,0.67,1,2492,39567,0.022
12127,Volusia,12,2016,2888.0,0.943,2,0.374,1,498981,41714,01097,Mobile,01,0.882,2,0.645,1,414045,43844,0.3121
41013,Crook,41,2016,7207.0,0.917,6,0.662,1,20798,36158,47173,Union,47,0.822,2,0.912,0,19139,36009,0.0093
48391,Refugio,48,2019,2666.0,0.877,6,0.532,0,7295,44688,40103,Noble,40,0.83,6,0.602,0,11498,44775,0.0134
30065,Musselshell,30,2015,4991.0,0.907,8,0.72,1,4760,45096,16007,Bear Lake,16,0.833,9,0.718,1,5941,44974,0.0084
32013,Humboldt,32,2016,78141.0,0.99,7,0.54,1,17003,62632,48003,Andrews,48,0.86,6,0.495,1,16126,61250,0.0788
47129,Morgan,47,2016,4267.0,0.828,2,0.935,0,21866,38003,40069,Johnston,40,0.903,9,0.871,1,11043,37845,0.0339
49005,Cache,49,2016,1380.0,0.862,3,0.319,1,115954,50367,12085,Martin,12,0.909,2,0.262,0,149658,51703,0.1207
08027,Custer,08,2016,19008.0,0.827,8,0.927,1,4274,32261,01037,Coosa,01,0.862,8,0.973,0,11247,32340,0.0218
47013,Campbell,47,2016,10783.0,0.859,2,0.713,1,40361,32616,21235,Whitley,21,0.885,7,0.785,1,35557,32255,0.0236
16045,Gem,16,2015,11018.0,0.994,2,0.714,1,16732,41969,48487,Wilbarger,48,0.846,6,0.262,1,13265,41901,0.011
12051,Hendry,12,2015,9495.0,0.898,4,0.644,1,38360,36504,40041,Delaware,40,0.878,6,0.83,1,41415,36198,0.0213
48245,Jefferson,48,2015,43558.0,0.935,2,0.162,1,252466,42368,12111,St. Lucie,12,0.863,2,0.334,0,283988,42665,0.0983
08067,La Plata,08,2018,55178.0,0.87,4,0.744,1,52547,58456,20015,Butler,20,0.841,2,0.498,1,65927,57474,0.0756
41035,Klamath,41,2016,59848.0,0.882,5,0.49,1,65985,39534,35009,Curry,35,0.963,5,0.292,1,50173,40318,0.0724
30087,Rosebud,30,2015,76878.0,0.956,9,0.613,1,9335,50924,53059,Skamania,53,0.9,1,0.776,1,11194,50986,0.0064
35059,Union,35,2016,36765.0,0.914,9,0.642,1,4413,36176,51720,Norton,51,0.827,7,0.226,0,4015,36148,0.0019
41049,Morrow,41,2019,2098.0,0.912,6,0.565,1,11217,50443,40093,Major,40,0.856,9,0.549,1,7639,50319,0.0123
12095,Orange,12,2017,1753.0,0.945,1,0.238,1,1200241,47556,12057,Hillsborough,12,0.906,1,0.276,1,1279668,50122,0.2696
16041,Franklin,16,2016,2355.0,0.917,3,0.569,1,12853,45542,13191,McIntosh,13,0.82,3,0.914,1,14172,45216,0.0198
20161,Riley,20,2015,20863.0,0.838,3,0.291,1,74478,44522,13127,Glynn,13,0.801,3,0.589,0,80937,45588,0.0612
48413,Schleicher,48,2016,10677.0,0.948,8,0.676,1,3281,44643,20033,Comanche,20,0.996,9,0.58,1,1911,44417,0.013
30097,Sweet Grass,30,2015,2752.0,0.81,9,0.769,1,3622,51797,27031,Cook,27,0.869,9,0.852,1,5197,51913,0.0076
40059,Harper,40,2016,130924.0,0.979,9,0.549,1,3747,47703,40003,Alfalfa,40,0.816,9,0.363,1,5703,47684,0.0064
16033,Clark,16,2018,12889.0,0.833,9,0.64,1,823,32770,54015,Clay,54,0.819,3,0.975,1,9226,32933,0.0267
30049,Lewis and Clark,30,2015,60754.0,0.878,5,0.461,1,64772,55594,12087,Monroe,12,0.975,4,0.08,1,75208,55449,0.0353
41029,Jackson,41,2017,61113.0,0.991,3,0.441,1,206583,44086,22019,Calcasieu,22,0.845,3,0.339,0,194943,44045,0.0365
12011,Broward,12,2017,13468.0,0.998,1,0.058,1,1815269,51574,12057,Hillsborough,12,0.906,1,0.276,1,1279668,50122,1.6803
12099,Palm Beach,12,2015,42561.0,0.923,1,0.119,1,1359074,52878,12057,Hillsborough,12,0.906,1,0.276,1,1279668,50122,0.274
06083,Santa Barbara,06,2016,104276.0,0.956,2,0.255,1,431555,63409,12117,Seminole,12,0.944,1,0.335,1,432135,57875,0.3175
54005,Boone,54,2015,2339.0,0.919,3,0.788,1,24257,42740,28039,George,28,0.863,6,0.956,0,22960,42472,0.0152
06009,Calaveras,06,2015,72913.0,0.979,6,0.839,1,44921,54936,40083,Logan,40,0.802,1,0.781,1,43700,54303,0.0359
41001,Baker,41,2015,203686.0,0.944,7,0.565,1,16049,40576,16053,Jerome,16,0.925,7,0.513,1,22580,40718,0.0209
12086,Miami-Dade,12,2015,6203.0,0.995,1,0.09,1,2600861,43099,12057,Hillsborough,12,0.906,1,0.276,1,1279668,50122,4.2565
06111,Ventura,06,2015,302147.0,0.937,2,0.132,1,835790,77335,06013,Contra Costa,06,0.927,1,0.139,1,1081232,79799,0.7653
08093,Park,08,2018,13160.0,0.843,1,0.952,1,16174,60800,48003,Andrews,48,0.86,6,0.495,1,16126,61250,0.0258
06037,Los Angeles,06,2015,195179.0,0.967,1,0.05,1,9974203,55870,12057,Hillsborough,12,0.906,1,0.276,1,1279668,50122,27.4109
12055,Highlands,12,2017,8634.0,0.93,3,0.445,1,98261,35911,28035,Forrest,28,0.884,3,0.594,0,76159,36538,0.0835
04021,Pinal,04,2015,1543.0,0.828,1,0.375,1,390160,50248,12115,Sarasota,12,0.919,2,0.161,1,386944,50304,0.0111
12017,Citrus,12,2015,1039.0,0.824,3,0.593,1,139771,38109,05131,Sebastian,05,0.842,2,0.399,1,126801,39208,0.0805
40063,Hughes,40,2015,15921.0,0.966,7,0.775,1,13840,34439,28147,Walthall,28,0.836,9,0.959,0,15126,34934,0.028
48435,Sutton,48,2015,9663.0,0.945,7,0.598,1,3995,48986,48421,Sherman,48,0.876,9,0.52,1,3060,49219,0.0141
40101,Muskogee,40,2017,6524.0,0.903,4,0.587,1,70519,40133,54081,Raleigh,54,0.8,3,0.6,1,78827,41152,0.06
35047,San Miguel,35,2015,23844.0,0.883,6,0.684,1,28899,28292,28091,Marion,28,0.851,6,0.868,0,26449,29010,0.0431
48367,Parker,48,2018,2387.0,0.916,1,0.802,1,119784,64979,48329,Midland,48,0.818,3,0.366,1,146387,66966,0.1302
06097,Sonoma,06,2016,193652.0,0.89,2,0.364,1,491790,63799,08059,Jefferson,08,0.967,1,0.211,1,546162,69698,0.3537
16019,Bonneville,16,2016,54043.0,0.858,3,0.264,1,106703,50897,48361,Orange,48,0.874,2,0.555,0,82737,48766,0.1329
30033,Garfield,30,2017,269868.0,0.871,9,0.863,1,1097,51000,20119,Meade,20,0.946,9,0.513,1,4444,51326,0.0199
08081,Moffat,08,2017,55549.0,0.82,7,0.55,1,13286,50123,48501,Yoakum,48,0.856,7,0.385,0,8054,50167,0.0171
46081,Lawrence,46,2016,2847.0,0.807,6,0.608,1,24478,44267,48035,Bosque,48,0.914,6,0.768,1,18052,44339,0.0214
48045,Briscoe,48,2018,6141.0,0.962,9,0.624,1,1601,36696,20207,Woodson,20,0.805,9,0.715,1,3246,36863,0.0101
48383,Reagan,48,2019,1372.0,0.897,6,0.383,1,3520,52692,48095,Concho,48,0.801,8,0.698,1,4091,52844,0.0086
20035,Cowley,20,2015,4194.0,0.873,4,0.472,1,36201,42157,40097,Mayes,40,0.855,6,0.764,1,41084,42076,0.0168
48083,Coleman,48,2016,1080.0,0.88,6,0.67,1,8656,34692,46007,Bennett,46,0.919,9,0.725,1,3440,34697,0.0165
06073,San Diego,06,2015,26822.0,0.999,1,0.148,1,3183143,63996,12057,Hillsborough,12,0.906,1,0.276,1,1279668,50122,5.9361
06061,Placer,06,2018,1269.0,0.961,1,0.361,1,361518,73747,48039,Brazoria,48,0.861,1,0.413,1,325477,69092,0.2727
05129,Searcy,05,2016,3833.0,0.821,9,0.918,1,8036,33610,54015,Clay,54,0.819,3,0.975,1,9226,32933,0.0396
45015,Berkeley,45,2017,7585.0,0.818,2,0.485,1,188835,51844,12085,Martin,12,0.909,2,0.262,0,149658,51703,0.1227
48333,Mills,48,2018,1462.0,0.854,9,0.851,1,4881,44241,20033,Comanche,20,0.996,9,0.58,1,1911,44417,0.0148
48359,Oldham,48,2016,20447.0,0.907,2,0.627,1,2068,51250,20119,Meade,20,0.946,9,0.513,1,4444,51326,0.0081
16049,Idaho,16,2015,555848.0,0.993,6,0.771,1,16315,38320,48043,Brewster,48,0.884,7,0.64,1,9270,38589,0.029
49011,Davis,49,2016,15477.0,0.857,2,0.131,1,317646,70388,08013,Boulder,08,0.957,2,0.267,1,305166,69407,0.0632
12093,Okeechobee,12,2018,1420.0,0.934,4,0.629,1,39398,35490,12075,Levy,12,0.819,6,0.867,1,40057,35483,0.0022
16077,Power,16,2016,86211.0,0.981,6,0.408,1,7742,45010,16007,Bear Lake,16,0.833,9,0.718,1,5941,44974,0.0057
16013,Blaine,16,2015,108919.0,0.899,7,0.495,1,21269,62489,48003,Andrews,48,0.86,6,0.495,1,16126,61250,0.0702
30011,Carter,30,2016,4624.0,0.876,9,0.818,1,1205,44453,20033,Comanche,20,0.996,9,0.58,1,1911,44417,0.0033
49003,Box Elder,49,2016,261482.0,0.992,2,0.333,1,50613,57336,20015,Butler,20,0.841,2,0.498,1,65927,57474,0.0477
16039,Elmore,16,2015,33664.0,0.997,6,0.435,1,26349,43516,40081,Lincoln,40,0.926,1,0.848,1,34366,43746,0.0266
12027,DeSoto,12,2017,3320.0,0.913,6,0.665,0,34785,36114,40041,Delaware,40,0.878,6,0.83,1,41415,36198,0.0207
12043,Glades,12,2017,6753.0,0.934,6,0.556,1,13190,33609,51051,Dickenson,51,0.892,9,0.945,0,15612,33106,0.031
48099,Coryell,48,2018,3093.0,0.861,2,0.531,1,76276,49783,48361,Orange,48,0.874,2,0.555,0,82737,48766,0.0648
06043,Mariposa,06,2017,196009.0,0.978,8,0.948,1,17946,50560,06011,Colusa,06,0.968,6,0.414,1,21424,50503,0.012
37031,Carteret,37,2016,1421.0,0.839,4,0.488,1,67851,47179,48361,Orange,48,0.874,2,0.555,0,82737,48766,0.0954
48007,Aransas,48,2019,2052.0,0.848,2,0.366,1,23889,42247,28039,George,28,0.863,6,0.956,0,22960,42472,0.0137
06035,Lassen,06,2015,43430.0,0.968,7,0.629,1,33356,53351,12129,Wakulla,12,0.887,2,0.828,1,31015,53143,0.013
08043,Fremont,08,2016,27830.0,0.908,4,0.538,1,46879,40569,35009,Curry,35,0.963,5,0.292,1,50173,40318,0.0191
28111,Perry,28,2015,8991.0,0.864,3,0.925,1,12173,33097,51051,Dickenson,51,0.892,9,0.945,0,15612,33106,0.0108
40019,Carter,40,2018,1078.0,0.878,5,0.591,1,48288,43280,40137,Stephens,40,0.899,4,0.612,1,44900,43519,0.0187
35055,Taos,35,2018,4459.0,0.855,7,0.854,1,32956,35823,12049,Hardee,12,0.953,6,0.734,1,27549,36094,0.0249
48237,Jack,48,2018,1314.0,0.959,6,0.78,1,8967,45130,16007,Bear Lake,16,0.833,9,0.718,1,5941,44974,0.012
48211,Hemphill,48,2017,290085.0,0.998,7,0.626,1,4032,58281,56019,Johnson,56,0.83,7,0.67,1,8599,56708,0.0936
16069,Nez Perce,16,2017,48496.0,0.929,3,0.313,1,39655,46608,22011,Beauregard,22,0.853,6,0.782,1,36109,46420,0.0142
06055,Napa,06,2017,54122.0,0.952,3,0.257,1,139253,70925,48329,Midland,48,0.818,3,0.366,1,146387,66966,0.2316
48417,Shackelford,48,2015,8183.0,0.948,8,0.571,1,3359,50857,48431,Sterling,48,0.981,8,0.569,1,1360,50509,0.0199
56009,Converse,56,2018,3929.0,0.854,6,0.575,1,13991,61820,48003,Andrews,48,0.86,6,0.495,1,16126,61250,0.0344
06089,Shasta,06,2018,347196.0,0.988,3,0.533,1,178520,44556,22019,Calcasieu,22,0.845,3,0.339,0,194943,44045,0.0635
47009,Blount,47,2016,1333.0,0.847,2,0.671,1,124435,46518,13045,Carroll,13,0.838,1,0.829,0,111872,45009,0.0891
30031,Gallatin,30,2015,15744.0,0.815,5,0.505,1,93108,54298,12087,Monroe,12,0.975,4,0.08,1,75208,55449,0.0935
06053,Monterey,06,2015,157368.0,0.987,2,0.295,1,424927,58582,12117,Seminole,12,0.944,1,0.335,1,432135,57875,0.0496
35017,Grant,35,2016,11079.0,0.865,7,0.567,1,29303,38923,40049,Garvin,40,0.91,6,0.643,1,27421,38716,0.0124
31045,Dawes,31,2015,1804.0,0.879,7,0.543,1,9141,41267,56031,Platte,56,0.873,7,0.592,1,8730,41299,0.0024
35007,Colfax,35,2018,33088.0,0.922,7,0.648,1,13264,35189,12029,Dixie,12,0.815,6,0.785,0,16137,35000,0.0152
49027,Millard,49,2016,16556.0,0.842,7,0.563,1,12582,51117,48357,Ochiltree,48,0.947,7,0.326,0,10546,51115,0.0064
04011,Greenlee,04,2016,37558.0,0.954,7,0.337,1,8800,50818,53059,Skamania,53,0.9,1,0.776,1,11194,50986,0.0113
41023,Grant,41,2015,144826.0,0.963,9,0.748,1,7325,37258,48279,Lamb,48,0.92,6,0.349,1,13875,37161,0.0223
40005,Atoka,40,2016,13652.0,0.923,9,0.87,1,13958,37519,28041,Greene,28,0.848,8,0.957,0,14308,37412,0.0064
40111,Okmulgee,40,2016,4613.0,0.937,2,0.732,1,39606,38683,01123,Tallapoosa,01,0.832,6,0.866,0,41295,38644,0.0061
35043,Sandoval,35,2017,8989.0,0.803,2,0.447,1,135191,57092,48251,Johnson,48,0.881,1,0.685,1,153854,58221,0.0802
21051,Clay,21,2016,1070.0,0.907,7,0.911,1,21446,22626,54047,McDowell,54,0.886,7,0.825,1,21281,23607,0.0563
40147,Washington,40,2015,3707.0,0.875,4,0.464,0,51564,48870,48227,Howard,48,0.855,4,0.393,1,35702,47994,0.065
41037,Lake,41,2016,92331.0,0.87,7,0.691,1,7854,34535,46007,Bennett,46,0.919,9,0.725,1,3440,34697,0.018
24019,Dorchester,24,2017,7738.0,0.844,6,0.566,1,32614,45628,40039,Custer,40,0.853,7,0.385,0,28506,45056,0.0333
04019,Pima,04,2015,116755.0,0.877,2,0.243,1,993144,46233,49035,Salt Lake,49,0.934,1,0.052,1,1063670,61446,0.8644
34005,Burlington,34,2017,11765.0,0.879,1,0.373,1,450155,79612,48039,Brazoria,48,0.861,1,0.413,1,325477,69092,0.6649
16023,Butte,16,2016,110616.0,0.808,3,0.52,1,2734,41000,48447,Throckmorton,48,0.944,9,0.673,1,1584,40833,0.0097
06105,Trinity,06,2015,269052.0,0.996,8,0.86,1,13515,36862,48351,Newton,48,0.804,2,0.904,1,14323,36890,0.0028
48375,Potter,48,2016,45424.0,0.986,2,0.228,1,122053,37758,05131,Sebastian,05,0.842,2,0.399,1,126801,39208,0.082
40133,Seminole,40,2015,5976.0,0.951,7,0.752,1,25460,35607,54043,Lincoln,54,0.834,2,0.921,1,21599,35623,0.0124
06045,Mendocino,06,2016,61388.0,0.928,4,0.681,1,87612,43290,13045,Carroll,13,0.838,1,0.829,0,111872,45009,0.1146
48169,Garza,48,2019,1946.0,0.938,6,0.513,1,6337,49479,20151,Pratt,20,0.814,7,0.345,0,9758,49519,0.0107
21095,Harlan,21,2016,6753.0,0.905,7,0.679,1,28744,25186,54047,McDowell,54,0.886,7,0.825,1,21281,23607,0.0898
20061,Geary,20,2016,16388.0,0.835,4,0.303,1,36458,45660,40039,Custer,40,0.853,7,0.385,0,28506,45056,0.0394
41069,Wheeler,41,2017,63087.0,0.97,9,0.791,1,1357,34808,46007,Bennett,46,0.919,9,0.725,1,3440,34697,0.0099
32005,Douglas,32,2017,9406.0,0.972,4,0.384,1,47135,58940,20015,Butler,20,0.841,2,0.498,1,65927,57474,0.1104
12037,Franklin,12,2018,1189.0,0.945,6,0.375,1,11636,37815,40069,Johnston,40,0.903,9,0.871,1,11043,37845,0.0027
37173,Swain,37,2016,14179.0,0.817,8,0.908,1,14070,34632,28147,Walthall,28,0.836,9,0.959,0,15126,34934,0.0171
12101,Pasco,12,2017,2510.0,0.901,1,0.291,1,472745,44518,01097,Mobile,01,0.882,2,0.645,1,414045,43844,0.1832
12119,Sumter,12,2017,1867.0,0.881,3,0.31,0,103708,49874,48361,Orange,48,0.874,2,0.555,0,82737,48766,0.084
40151,Woods,40,2018,3698.0,0.953,7,0.418,1,8958,52188,16081,Teton,16,0.823,9,0.858,0,10212,52316,0.0078
08103,Rio Blanco,08,2016,40987.0,0.874,9,0.67,1,6739,63910,08047,Gilpin,08,0.926,1,0.919,0,5557,65851,0.1119
41045,Malheur,41,2015,219842.0,0.948,6,0.391,1,30740,34380,37039,Cherokee,37,0.839,9,0.93,0,27156,34507,0.0144
16003,Adams,16,2015,45129.0,0.983,9,0.827,1,3908,38583,48107,Crosby,48,0.843,2,0.407,1,6025,38668,0.0076
06051,Mono,06,2015,40985.0,0.897,7,0.572,1,14193,61814,48003,Andrews,48,0.86,6,0.495,1,16126,61250,0.0338
06109,Tuolumne,06,2016,39447.0,0.984,4,0.835,1,54347,48493,48227,Howard,48,0.855,4,0.393,1,35702,47994,0.0612
06095,Solano,06,2015,10654.0,0.881,2,0.122,1,421624,67341,48039,Brazoria,48,0.861,1,0.413,1,325477,69092,0.3348
35021,Harding,35,2016,10055.0,0.815,9,0.852,1,655,31500,21119,Knott,21,0.946,9,0.984,1,16139,31624,0.0483
48155,Foard,48,2019,11816.0,0.868,9,0.573,1,1159,34375,46007,Bennett,46,0.919,9,0.725,1,3440,34697,0.0187
48065,Carson,48,2016,6412.0,0.986,2,0.47,1,6108,63424,48295,Lipscomb,48,0.993,9,0.613,1,3418,61151,0.1292
04003,Cochise,04,2016,76151.0,0.965,3,0.577,1,130807,45974,48485,Wichita,48,0.927,3,0.186,1,131802,44854,0.0648
35023,Hidalgo,35,2015,127763.0,0.912,9,0.594,1,4734,35048,46007,Bennett,46,0.919,9,0.725,1,3440,34697,0.0199
06071,San Bernardino,06,2015,82609.0,0.889,1,0.197,1,2078586,54100,12057,Hillsborough,12,0.906,1,0.276,1,1279668,50122,2.4968
08083,Montezuma,08,2017,26412.0,0.844,6,0.767,1,25569,43431,48117,Deaf Smith,48,0.905,6,0.359,1,19331,42995,0.0292
40057,Harmon,40,2017,23315.0,0.866,9,0.476,0,2883,31285,21119,Knott,21,0.946,9,0.984,1,16139,31624,0.0432
16085,Valley,16,2015,72931.0,0.985,8,0.824,1,9662,49722,20151,Pratt,20,0.814,7,0.345,0,9758,49519,0.0117
53013,Columbia,53,2015,96997.0,0.896,3,0.514,1,4031,41071,40055,Greer,40,0.87,7,0.538,1,6144,41020,0.0077
16067,Minidoka,16,2016,42315.0,0.806,7,0.279,1,20191,44220,48035,Bosque,48,0.914,6,0.768,1,18052,44339,0.0103
48345,Motley,48,2016,8704.0,0.968,9,0.722,1,1172,34853,46007,Bennett,46,0.919,9,0.725,1,3440,34697,0.0123
30029,Flathead,30,2015,165861.0,0.904,5,0.665,1,92373,46858,12035,Flagler,12,0.892,2,0.431,1,98843,47733,0.051
48469,Victoria,48,2017,1672.0,0.836,3,0.443,0,88955,50663,48361,Orange,48,0.874,2,0.555,0,82737,48766,0.1073
53037,Kittitas,53,2016,137599.0,1.0,4,0.676,1,41705,45406,40039,Custer,40,0.853,7,0.385,0,28506,45056,0.0433
49025,Kane,49,2018,2328.0,0.817,6,0.746,1,7221,51213,48425,Somervell,48,0.923,1,0.855,0,8575,51190,0.0047
41061,Union,41,2015,2548.0,0.952,7,0.454,1,25736,43265,48117,Deaf Smith,48,0.905,6,0.359,1,19331,42995,0.0234
40037,Creek,40,2015,28100.0,0.949,2,0.712,1,70607,44003,37093,Hoke,37,0.814,2,0.72,0,50034,43754,0.0642
40125,Pottawatomie,40,2016,1140.0,0.916,4,0.672,0,70700,44250,37093,Hoke,37,0.814,2,0.72,0,50034,43754,0.0669
40075,Kiowa,40,2017,2376.0,0.852,6,0.409,0,9379,37431,28041,Greene,28,0.848,8,0.957,0,14308,37412,0.0158
48377,Presidio,48,2019,1325.0,0.958,7,0.363,1,7479,30983,48505,Zapata,48,0.813,6,0.386,0,14231,30758,0.0266
01003,Baldwin,01,2019,1079.0,0.841,3,0.657,1,191205,50183,12085,Martin,12,0.909,2,0.262,0,149658,51703,0.1688
35033,Mora,35,2018,8334.0,0.946,9,0.924,1,4722,24425,54047,McDowell,54,0.886,7,0.825,1,21281,23607,0.0757
37075,Graham,37,2016,7704.0,0.841,9,0.939,1,8743,37161,48279,Lamb,48,0.92,6,0.349,1,13875,37161,0.0162
54045,Logan,54,2015,2481.0,0.949,6,0.681,1,36169,37312,54099,Wayne,54,0.823,2,0.679,1,41735,37491,0.0189
53077,Yakima,53,2015,380459.0,0.994,3,0.408,1,246402,43956,05143,Washington,05,0.863,2,0.569,0,212238,41983,0.1432
04005,Coconino,04,2015,343087.0,0.938,3,0.538,1,135817,48540,12035,Flagler,12,0.892,2,0.431,1,98843,47733,0.1185
06003,Alpine,06,2015,22904.0,0.943,8,0.918,1,1202,61343,48295,Lipscomb,48,0.993,9,0.613,1,3418,61151,0.014
53047,Okanogan,53,2015,825146.0,0.994,6,0.715,1,41241,39665,48241,Jasper,48,0.816,6,0.823,1,35826,39176,0.0304
53063,Spokane,53,2016,6838.0,0.829,2,0.26,1,476950,50432,12115,Sarasota,12,0.919,2,0.161,1,386944,50304,0.2832
53065,Stevens,53,2015,82503.0,0.932,2,0.765,1,43541,42111,40097,Mayes,40,0.855,6,0.764,1,41084,42076,0.0077
48437,Swisher,48,2017,2422.0,0.922,6,0.492,0,7789,37833,40069,Johnston,40,0.903,9,0.871,1,11043,37845,0.0102
06017,El Dorado,06,2016,9252.0,0.983,1,0.646,1,181465,68507,48329,Midland,48,0.818,3,0.366,1,146387,66966,0.1301
41019,Douglas,41,2015,172045.0,0.927,4,0.59,1,107156,40820,54081,Raleigh,54,0.8,3,0.6,1,78827,41152,0.0944
16011,Bingham,16,2016,31219.0,0.924,4,0.46,1,45558,48088,48227,Howard,48,0.855,4,0.393,1,35702,47994,0.0307
06113,Yolo,06,2016,103633.0,0.909,1,0.154,1,204162,55508,49057,Weber,49,0.866,2,0.215,1,236307,56216,0.1031
46071,Jackson,46,2016,46775.0,0.846,8,0.767,1,3180,45610,20129,Morton,20,0.85,9,0.491,1,3159,45638,0.0016
32011,Eureka,32,2015,27556.0,0.968,9,0.681,1,1761,68403,08019,Clear Creek,08,0.915,1,0.718,0,9114,68531,0.0232
46033,Custer,46,2016,58531.0,0.898,3,0.853,1,8358,50903,53059,Skamania,53,0.9,1,0.776,1,11194,50986,0.0094
56005,Campbell,56,2016,7546.0,0.873,5,0.489,1,47448,78609,49029,Morgan,49,0.906,2,0.627,1,9955,79304,0.1309
06115,Yuba,06,2017,16145.0,0.97,3,0.471,1,73059,45470,13127,Glynn,13,0.801,3,0.589,0,80937,45588,0.0247
06069,San Benito,06,2018,1478.0,0.991,1,0.394,1,56888,67874,08019,Clear Creek,08,0.915,1,0.718,0,9114,68531,0.1613
21071,Floyd,21,2019,1311.0,0.938,7,0.805,1,39087,30190,51027,Buchanan,51,0.912,9,0.952,1,23683,29678,0.0526
49053,Washington,49,2016,14290.0,0.94,3,0.327,1,144844,49498,12085,Martin,12,0.909,2,0.262,0,149658,51703,0.1248
30003,Big Horn,30,2015,23322.0,0.95,6,0.616,1,13079,42650,30067,Park,30,0.884,7,0.647,1,15642,42506,0.0125
31165,Sioux,31,2019,1471.0,0.834,9,0.804,1,1279,40625,30079,Prairie,30,0.825,9,0.545,1,1282,40580,0.0026
48087,Collingsworth,48,2018,2303.0,0.956,9,0.5,1,3053,42798,48151,Fisher,48,0.857,8,0.598,1,3882,42850,0.0036
08011,Bent,08,2019,1689.0,0.812,7,0.53,1,6000,39053,48107,Crosby,48,0.843,2,0.407,1,6025,38668,0.0221
30089,Sanders,30,2015,109976.0,0.827,8,0.796,1,11373,31665,21119,Knott,21,0.946,9,0.984,1,16139,31624,0.0156
41027,Hood River,41,2017,48787.0,0.996,6,0.642,1,22620,56417,56019,Johnson,56,0.83,7,0.67,1,8599,56708,0.0498
30053,Lincoln,30,2015,107288.0,0.926,7,0.744,1,19455,35603,54043,Lincoln,54,0.834,2,0.921,1,21599,35623,0.0067
08007,Archuleta,08,2017,5956.0,0.871,7,0.88,1,12132,48186,20127,Morris,20,0.823,8,0.673,1,5808,48072,0.02
30039,Granite,30,2017,111573.0,0.932,8,0.814,1,3133,49583,48421,Sherman,48,0.876,9,0.52,1,3060,49219,0.0208
05033,Crawford,05,2016,3243.0,0.883,2,0.689,0,61825,40712,28109,Pearl River,28,0.913,6,0.879,1,55293,40997,0.0283
48179,Gray,48,2018,31627.0,0.993,6,0.263,1,22771,45179,28131,Stone,28,0.919,6,0.927,0,17941,45141,0.0151
41025,Harney,41,2015,67276.0,0.966,7,0.688,1,7253,35828,51720,Norton,51,0.827,7,0.226,0,4015,36148,0.0224
46063,Harding,46,2015,16603.0,0.888,9,0.866,1,1263,47917,20127,Morris,20,0.823,8,0.673,1,5808,48072,0.0156
06023,Humboldt,06,2015,8023.0,0.817,5,0.474,1,134876,42153,12061,Indian River,12,0.941,3,0.334,1,140918,44645,0.141
06065,Riverside,06,2015,58153.0,0.985,1,0.172,1,2266899,56592,12057,Hillsborough,12,0.906,1,0.276,1,1279668,50122,3.0803
06029,Kern,06,2016,67462.0,0.931,2,0.211,1,857730,48574,06077,San Joaquin,06,0.85,2,0.161,1,701050,53253,0.5997
32007,Elko,32,2016,1224358.0,0.999,5,0.651,1,50991,72280,48033,Borden,48,0.915,8,0.848,1,676,73333,0.1789
48079,Cochran,48,2018,2488.0,0.893,9,0.432,1,3031,41071,20097,Kiowa,20,0.947,9,0.526,1,2529,41211,0.0084
32019,Lyon,32,2017,8445.0,0.918,4,0.384,1,51579,47143,22011,Beauregard,22,0.853,6,0.782,1,36109,46420,0.0588
41033,Josephine,41,2017,237796.0,0.995,3,0.656,1,83021,37447,40119,Payne,40,0.908,4,0.534,1,78723,37637,0.0187
16059,Lemhi,16,2015,17089.0,0.908,7,0.711,1,7828,34457,46007,Bennett,46,0.919,9,0.725,1,3440,34697,0.021
35041,Roosevelt,35,2016,54789.0,0.989,7,0.546,1,20065,36567,01111,Randolph,01,0.851,6,0.895,0,22724,36498,0.0098
16001,Ada,16,2016,10948.0,0.991,2,0.269,1,409239,55805,12117,Seminole,12,0.944,1,0.335,1,432135,57875,0.1286
40045,Ellis,40,2019,7875.0,0.986,9,0.614,1,4113,50060,48501,Yoakum,48,0.856,7,0.385,0,8054,50167,0.013
16031,Cassia,16,2016,22761.0,0.984,7,0.436,1,23275,44847,40039,Custer,40,0.853,7,0.385,0,28506,45056,0.0188
49043,Summit,49,2016,4480.0,0.856,4,0.748,1,37877,89886,48173,Glasscock,48,0.88,8,0.633,1,1190,81563,0.4724
32015,Lander,32,2016,293190.0,0.925,7,0.545,1,5930,76558,49029,Morgan,49,0.906,2,0.627,1,9955,79304,0.1558
04007,Gila,04,2015,117255.0,0.97,4,0.509,1,53242,40042,35009,Curry,35,0.963,5,0.292,1,50173,40318,0.0198
41021,Gilliam,41,2015,101543.0,0.975,9,0.63,1,1926,46490,31031,Cherry,31,0.813,7,0.727,1,5749,46817,0.0206
34029,Ocean,34,2015,1005.0,0.915,1,0.158,1,581413,61839,08059,Jefferson,08,0.967,1,0.211,1,546162,69698,0.4811
40031,Comanche,40,2015,11329.0,0.924,3,0.315,1,125647,46302,13045,Carroll,13,0.838,1,0.829,0,111872,45009,0.0797
48253,Jones,48,2018,2479.0,0.837,3,0.527,1,20092,42287,28039,George,28,0.863,6,0.956,0,22960,42472,0.0128
30017,Custer,30,2015,112466.0,0.921,7,0.372,1,11869,46125,48195,Hansford,48,0.89,7,0.346,1,5540,46181,0.0208
06015,Del Norte,06,2015,40740.0,0.936,7,0.49,1,28066,39302,22003,Allen,22,0.822,6,0.611,1,25691,39440,0.0117
40127,Pushmataha,40,2016,6185.0,0.935,9,0.905,1,11315,32462,01037,Coosa,01,0.862,8,0.973,0,11247,32340,0.007
53007,Chelan,53,2015,151757.0,1.0,3,0.49,1,73664,50876,32510,Carson City,32,0.976,3,0.103,1,54634,50108,0.0685
37165,Scotland,37,2016,4034.0,0.829,6,0.738,1,36034,30834,47151,Scott,47,0.849,6,0.878,1,22104,30206,0.0522
48235,Irion,48,2019,8948.0,0.989,3,0.723,1,1626,54886,48269,King,48,0.92,9,0.904,1,290,54583,0.0172
12107,Putnam,12,2019,1097.0,0.801,4,0.766,1,73191,32714,21195,Pike,21,0.952,7,0.875,1,64380,32571,0.0277
16035,Clearwater,16,2015,12540.0,0.962,6,0.722,1,8600,39750,56027,Niobrara,56,0.812,9,0.67,1,2492,39567,0.0204
21013,Bell,21,2016,1136.0,0.902,7,0.689,1,28234,24976,54047,McDowell,54,0.886,7,0.825,1,21281,23607,0.078
04009,Graham,04,2015,133845.0,0.91,7,0.471,1,37311,46965,22011,Beauregard,22,0.853,6,0.782,1,36109,46420,0.0309
01029,Cleburne,01,2016,1253.0,0.867,8,0.957,1,14990,37008,48351,Newton,48,0.804,2,0.904,1,14323,36890,0.0068
40009,Beckham,40,2018,1463.0,0.942,7,0.499,1,22941,49027,48281,Lampasas,48,0.84,2,0.777,1,20020,48862,0.0121
06049,Modoc,06,2015,158909.0,0.902,6,0.689,1,9335,38560,48043,Brewster,48,0.884,7,0.64,1,9270,38589,0.0017
48047,Brooks,48,2017,7145.0,0.856,7,0.65,1,7200,22176,54047,McDowell,54,0.886,7,0.825,1,21281,23607,0.0868
53003,Asotin,53,2015,8067.0,0.936,3,0.298,1,21955,42689,28039,George,28,0.863,6,0.956,0,22960,42472,0.0133
06019,Fresno,06,2015,228217.0,0.9,2,0.209,1,948844,45201,49035,Salt Lake,49,0.934,1,0.052,1,1063670,61446,0.9431
53019,Ferry,53,2015,137742.0,0.98,9,0.905,1,7657,37542,40069,Johnston,40,0.903,9,0.871,1,11043,37845,0.0189
35027,Lincoln,35,2016,28149.0,0.939,7,0.78,1,20162,41710,12125,Union,12,0.802,6,0.881,1,15258,41476,0.0188
40021,Cherokee,40,2016,10291.0,0.94,6,0.838,1,47860,37230,47123,Monroe,47,0.849,6,0.837,1,45002,37202,0.0089
48335,Mitchell,48,2019,2260.0,0.911,7,0.525,1,9236,45769,40033,Cotton,40,0.832,3,0.511,0,6157,45877,0.0123
40113,Osage,40,2015,209577.0,0.964,2,0.751,1,47937,44748,37093,Hoke,37,0.814,2,0.72,0,50034,43754,0.0584
21025,Breathitt,21,2016,6907.0,0.913,7,0.893,1,13663,26094,47067,Hancock,47,0.838,8,0.947,0,6706,26528,0.0357
48075,Childress,48,2016,6896.0,0.84,7,0.39,1,7066,48682,20127,Morris,20,0.823,8,0.673,1,5808,48072,0.0345
48243,Jeff Davis,48,2018,38332.0,0.974,9,0.807,1,2282,51357,20119,Meade,20,0.946,9,0.513,1,4444,51326,0.0073
08069,Larimer,08,2017,2197.0,0.918,2,0.368,1,311435,58844,48167,Galveston,48,0.871,1,0.201,1,302276,61744,0.1732
46121,Todd,46,2015,1966.0,0.847,9,0.722,1,9859,30539,48505,Zapata,48,0.813,6,0.386,0,14231,30758,0.0171
16015,Boise,16,2015,204471.0,0.987,2,0.891,1,6880,41194,48111,Dallam,48,0.901,7,0.359,1,6957,41105,0.0052
28045,Hancock,28,2015,1564.0,0.949,2,0.594,1,45136,44069,37093,Hoke,37,0.814,2,0.72,0,50034,43754,0.0256
16075,Payette,16,2019,1546.0,0.964,6,0.465,1,22658,44326,48035,Bosque,48,0.914,6,0.768,1,18052,44339,0.0147
48049,Brown,48,2018,1653.0,0.868,5,0.655,1,37903,40982,48143,Erath,48,0.905,4,0.756,1,39291,40711,0.0168
48207,Haskell,48,2019,2504.0,0.813,6,0.525,1,5875,42645,48151,Fisher,48,0.857,8,0.598,1,3882,42850,0.0142
40121,Pittsburg,40,2016,26284.0,0.981,5,0.688,1,45220,41339,40071,Kay,40,0.848,5,0.307,0,45781,41806,0.0265
53017,Douglas,53,2015,144797.0,0.972,3,0.416,1,39183,53235,06005,Amador,06,0.973,6,0.74,1,37159,52964,0.0158
20007,Barber,20,2016,374226.0,0.973,9,0.454,1,4898,48462,20127,Morris,20,0.823,8,0.673,1,5808,48072,0.023
06039,Madera,06,2015,44663.0,0.939,3,0.607,1,152452,45490,12061,Indian River,12,0.941,3,0.334,1,140918,44645,0.0557
49009,Daggett,49,2018,3792.0,0.859,9,0.715,1,714,47188,48263,Kent,48,0.941,9,0.741,1,858,46842,0.0199
35019,Guadalupe,35,2015,9628.0,0.853,7,0.603,1,4594,27957,21159,Martin,21,0.947,9,0.91,1,12750,28040,0.0254
06085,Santa Clara,06,2016,4379.0,0.967,1,0.082,1,1841569,93854,06013,Contra Costa,06,0.927,1,0.139,1,1081232,79799,2.4068
53005,Benton,53,2015,94274.0,0.951,2,0.243,1,182053,60589,48251,Johnson,48,0.881,1,0.685,1,153854,58221,0.1498
06103,Tehama,06,2018,27549.0,0.992,4,0.697,1,63284,42369,45043,Georgetown,45,0.854,4,0.686,1,60389,41578,0.0448
22023,Cameron,22,2016,16080.0,0.965,3,0.738,1,6713,64129,08047,Gilpin,08,0.926,1,0.919,0,5557,65851,0.0993
21121,Knox,21,2016,1276.0,0.905,7,0.765,1,31857,25523,48427,Starr,48,0.896,4,0.412,1,62040,25906,0.0943
53023,Garfield,53,2017,2984.0,0.895,8,0.633,1,2240,50915,48431,Sterling,48,0.981,8,0.569,1,1360,50509,0.023
30009,Carbon,30,2017,1279.0,0.835,3,0.731,1,10189,48979,48421,Sherman,48,0.876,9,0.52,1,3060,49219,0.0282
48101,Cottle,48,2017,13253.0,0.924,9,0.516,1,1596,34833,46007,Bennett,46,0.919,9,0.725,1,3440,34697,0.0105
12105,Polk,12,2016,7889.0,0.96,2,0.396,1,617323,43063,12071,Lee,12,0.911,2,0.212,1,647554,47908,0.2787
48503,Young,48,2018,1087.0,0.947,7,0.557,1,18374,41589,12125,Union,12,0.802,6,0.881,1,15258,41476,0.0109
41017,Deschutes,41,2017,27421.0,0.844,3,0.573,1,163141,49584,12085,Martin,12,0.909,2,0.262,0,149658,51703,0.135
48191,Hall,48,2017,4979.0,0.894,9,0.46,1,3270,33205,54015,Clay,54,0.819,3,0.975,1,9226,32933,0.0263
32031,Washoe,32,2016,433831.0,0.973,2,0.163,1,429985,52910,12115,Sarasota,12,0.919,2,0.161,1,386944,50304,0.185
48009,Archer,48,2018,5263.0,0.963,3,0.584,1,8853,58274,56019,Johnson,56,0.83,7,0.67,1,8599,56708,0.0896
48023,Baylor,48,2018,4267.0,0.888,8,0.364,1,3648,33019,54015,Clay,54,0.819,3,0.975,1,9226,32933,0.019
32029,Storey,32,2016,1549.0,0.98,2,0.562,1,3934,64835,08047,Gilpin,08,0.926,1,0.919,0,5557,65851,0.0576
20017,Chase,20,2015,109442.0,0.872,9,0.689,1,2746,38633,48107,Crosby,48,0.843,2,0.407,1,6025,38668,0.0102
46103,Pennington,46,2017,1800.0,0.845,3,0.399,1,104574,50564,48361,Orange,48,0.874,2,0.555,0,82737,48766,0.1144
16043,Fremont,16,2018,106102.0,0.836,6,0.617,1,13024,44991,40103,Noble,40,0.83,6,0.602,0,11498,44775,0.0125
06001,Alameda,06,2015,2510.0,0.969,1,0.054,1,1559308,73775,12057,Hillsborough,12,0.906,1,0.276,1,1279668,50122,1.4939
30077,Powell,30,2017,179549.0,0.894,6,0.686,1,7010,41326,56031,Platte,56,0.873,7,0.592,1,8730,41299,0.0059
41065,Wasco,41,2015,335049.0,0.997,6,0.487,1,25387,43226,48117,Deaf Smith,48,0.905,6,0.359,1,19331,42995,0.0214
56045,Weston,56,2016,1416.0,0.806,7,0.589,1,7135,53920,48165,Gaines,48,0.819,7,0.542,1,18496,54434,0.0426
40067,Jefferson,40,2017,6458.0,0.891,8,0.604,1,6377,34080,46007,Bennett,46,0.919,9,0.725,1,3440,34697,0.038
28047,Harrison,28,2017,4342.0,0.925,2,0.451,1,193642,42285,05143,Washington,05,0.863,2,0.569,0,212238,41983,0.0639
40117,Pawnee,40,2016,3420.0,0.954,2,0.793,1,16566,43947,48035,Bosque,48,0.914,6,0.768,1,18052,44339,0.0222
06057,Nevada,06,2015,2632.0,0.987,4,0.777,1,98606,56949,12087,Monroe,12,0.975,4,0.08,1,75208,55449,0.1039
49001,Beaver,49,2016,12254.0,0.891,7,0.486,1,6514,50685,48431,Sterling,48,0.981,8,0.569,1,1360,50509,0.0177
12021,Collier,12,2015,199744.0,0.965,2,0.267,1,334474,56250,34001,Atlantic,34,0.806,2,0.355,1,275325,54392,0.1996
01015,Calhoun,01,2016,1305.0,0.826,3,0.705,1,117186,40919,05131,Sebastian,05,0.842,2,0.399,1,126801,39208,0.1072
28059,Jackson,28,2016,5575.0,0.917,2,0.573,1,140194,49145,12035,Flagler,12,0.892,2,0.431,1,98843,47733,0.1421
48071,Chambers,48,2017,1778.0,0.903,1,0.483,1,36550,72239,48033,Borden,48,0.915,8,0.848,1,676,73333,0.1381
40107,Okfuskee,40,2015,25251.0,0.978,6,0.825,1,12260,35586,48093,Comanche,48,0.869,7,0.806,1,13755,35692,0.0071
35039,Rio Arriba,35,2015,27887.0,0.821,4,0.776,1,40155,38635,01123,Tallapoosa,01,0.832,6,0.866,0,41295,38644,0.0036
04025,Yavapai,04,2015,148884.0,0.862,3,0.504,1,213689,44000,22019,Calcasieu,22,0.845,3,0.339,0,194943,44045,0.0597
16061,Lewis,16,2015,32113.0,0.957,8,0.498,1,3822,36159,51720,Norton,51,0.827,7,0.226,0,4015,36148,0.001
06007,Butte,06,2015,173917.0,0.926,3,0.451,1,221578,43165,05143,Washington,05,0.863,2,0.569,0,212238,41983,0.0694
53039,Klickitat,53,2015,59249.0,0.997,6,0.693,1,20668,46368,48337,Montague,48,0.91,6,0.692,1,19568,45897,0.0267
40079,Le Flore,40,2016,14332.0,0.94,2,0.799,1,50048,35970,51185,Tazewell,51,0.81,5,0.668,1,44331,36248,0.0259
41055,Sherman,41,2016,27878.0,0.982,9,0.619,1,1790,39960,56027,Niobrara,56,0.812,9,0.67,1,2492,39567,0.023
48321,Matagorda,48,2017,3964.0,0.809,4,0.508,1,36611,40410,20111,Lyon,20,0.852,4,0.43,1,33510,40427,0.01
48197,Hardeman,48,2019,7061.0,0.849,9,0.47,1,4050,37656,35011,De Baca,35,0.87,9,0.626,1,1967,37961,0.0196
48363,Palo Pinto,48,2018,4182.0,0.912,6,0.675,1,28028,41370,13143,Haralson,13,0.85,1,0.876,0,28563,41482,0.0064
20025,Clark,20,2017,657968.0,0.975,9,0.536,1,2170,43750,06091,Sierra,06,0.992,8,0.764,1,3019,43107,0.0374
40007,Beaver,40,2016,5569.0,0.977,9,0.776,1,5581,52386,48317,Martin,48,0.822,3,0.603,1,5096,52232,0.0087
06047,Merced,06,2018,4655.0,0.893,2,0.308,1,261609,43066,12111,St. Lucie,12,0.863,2,0.334,0,283988,42665,0.0778
40043,Dewey,40,2018,277724.0,0.911,9,0.637,1,4817,49087,48421,Sherman,48,0.876,9,0.52,1,3060,49219,0.0101
56001,Albany,56,2017,47205.0,0.807,4,0.442,1,37220,42298,40123,Pontotoc,40,0.935,7,0.699,1,37873,42566,0.0152
16005,Bannock,16,2018,3646.0,0.988,3,0.289,1,83394,43953,13127,Glynn,13,0.801,3,0.589,0,80937,45588,0.0953
06107,Tulare,06,2015,134823.0,0.942,2,0.34,1,451108,42863,01097,Mobile,01,0.882,2,0.645,1,414045,43844,0.1378
12019,Clay,12,2016,1315.0,0.804,1,0.517,1,194868,59103,48251,Johnson,48,0.881,1,0.685,1,153854,58221,0.1312
32017,Lincoln,32,2017,5574.0,0.874,8,0.54,1,5282,40550,31161,Sheridan,31,0.892,9,0.644,1,5342,40489,0.0035
46047,Fall River,46,2016,13784.0,0.895,6,0.633,1,6957,43239,16071,Oneida,16,0.984,8,0.599,1,4241,43078,0.0115
27069,Kittson,27,2015,13758.0,0.895,9,0.594,1,4501,48893,48421,Sherman,48,0.876,9,0.52,1,3060,49219,0.0199
20185,Stafford,20,2015,5228.0,0.805,9,0.409,1,4363,44180,20033,Comanche,20,0.996,9,0.58,1,1911,44417,0.0167
49049,Utah,49,2016,181872.0,0.955,2,0.173,1,540425,60830,12117,Seminole,12,0.944,1,0.335,1,432135,57875,0.3564
16083,Twin Falls,16,2018,3175.0,0.971,5,0.328,1,78933,44138,13127,Glynn,13,0.801,3,0.589,0,80937,45588,0.0823
47007,Bledsoe,47,2016,1718.0,0.81,8,0.924,1,13240,34450,28147,Walthall,28,0.836,9,0.959,0,15126,34934,0.0274
06099,Stanislaus,06,2018,14693.0,0.929,2,0.2,1,522794,49573,12071,Lee,12,0.911,2,0.212,1,647554,47908,0.4201
12097,Osceola,12,2017,3908.0,0.971,1,0.342,1,289449,44551,12033,Escambia,12,0.821,2,0.399,0,304099,44883,0.0471
40129,Roger Mills,40,2018,10714.0,0.982,9,0.79,1,3743,53194,48095,Concho,48,0.801,8,0.698,1,4091,52844,0.0203
35025,Lea,35,2016,35393.0,0.954,5,0.378,1,66876,55248,12087,Monroe,12,0.975,4,0.08,1,75208,55449,0.027
56033,Sheridan,56,2015,95363.0,0.94,7,0.524,1,29578,56015,40087,McClain,40,0.872,1,0.785,1,35860,55741,0.0272
16073,Owyhee,16,2015,607414.0,0.969,2,0.643,1,11412,32589,01037,Coosa,01,0.862,8,0.973,0,11247,32340,0.0142
51195,Wise,51,2016,2272.0,0.889,7,0.648,0,40872,37357,54099,Wayne,54,0.823,2,0.679,1,41735,37491,0.0077
53071,Walla Walla,53,2015,14453.0,0.882,3,0.279,1,59476,47854,48227,Howard,48,0.855,4,0.393,1,35702,47994,0.0768
48105,Crockett,48,2015,23302.0,0.975,7,0.534,1,3871,51594,30025,Fallon,30,0.803,9,0.55,1,3028,51595,0.0027
47155,Sevier,47,2016,15003.0,0.802,4,0.8,1,92561,42499,54081,Raleigh,54,0.8,3,0.6,1,78827,41152,0.0822
40077,Latimer,40,2016,27272.0,0.974,7,0.858,1,10921,39563,47139,Polk,47,0.852,3,0.933,0,16715,39434,0.0208
35005,Chaves,35,2018,6618.0,0.858,5,0.389,1,65850,40541,28109,Pearl River,28,0.913,6,0.879,1,55293,40997,0.0456
06059,Orange,06,2017,9099.0,0.99,1,0.026,1,3086331,75998,12057,Hillsborough,12,0.906,1,0.276,1,1279668,50122,5.6599
04023,Santa Cruz,04,2016,36178.0,0.988,4,0.687,1,47250,38802,01123,Tallapoosa,01,0.832,6,0.866,0,41295,38644,0.0195
48125,Dickens,48,2016,7345.0,0.918,8,0.689,1,2339,38397,48107,Crosby,48,0.843,2,0.407,1,6025,38668,0.0179
30075,Powder River,30,2015,14172.0,0.961,9,0.832,1,1710,44167,20033,Comanche,20,0.996,9,0.58,1,1911,44417,0.0142
04001,Apache,04,2015,15273.0,0.851,6,0.805,1,72142,32396,21195,Pike,21,0.952,7,0.875,1,64380,32571,0.0279
48233,Hutchinson,48,2015,26807.0,0.998,6,0.269,1,21947,47191,31031,Cherry,31,0.813,7,0.727,1,5749,46817,0.0522
40139,Texas,40,2016,6277.0,0.93,7,0.439,1,21495,50172,06011,Colusa,06,0.968,6,0.414,1,21424,50503,0.019
40153,Woodward,40,2015,135749.0,0.953,7,0.512,1,20697,54387,48165,Gaines,48,0.819,7,0.542,1,18496,54434,0.0078
48465,Val Verde,48,2015,3877.0,0.933,5,0.372,1,48999,42735,40123,Pontotoc,40,0.935,7,0.699,1,37873,42566,0.0349
49023,Juab,49,2016,5710.0,0.966,2,0.429,1,10349,56976,56019,Johnson,56,0.83,7,0.67,1,8599,56708,0.0155
16087,Washington,16,2015,27741.0,0.985,6,0.491,1,10068,36483,51720,Norton,51,0.827,7,0.226,0,4015,36148,0.0248
40143,Tulsa,40,2018,1884.0,0.825,2,0.236,1,616128,48926,12071,Lee,12,0.911,2,0.212,1,647554,47908,0.123
40091,McIntosh,40,2015,10878.0,0.958,6,0.77,1,20334,36718,12123,Taylor,12,0.831,6,0.774,1,22690,36907,0.0121
53025,Grant,53,2015,130461.0,0.909,5,0.354,1,91458,46772,12035,Flagler,12,0.892,2,0.431,1,98843,47733,0.0562
16057,Latah,16,2017,1067.0,0.872,4,0.486,0,37989,41944,40097,Mayes,40,0.855,6,0.764,1,41084,42076,0.0114
35037,Quay,35,2016,8414.0,0.904,7,0.483,1,8822,29042,21131,Leslie,21,0.937,9,0.978,1,11128,29156,0.009
48451,Tom Green,48,2015,8611.0,0.939,3,0.331,1,113516,45114,13045,Carroll,13,0.838,1,0.829,0,111872,45009,0.0073
20049,Elk,20,2016,13631.0,0.955,8,0.741,1,2734,38182,40029,Coal,40,0.961,9,0.867,1,5877,38141,0.0106
32027,Pershing,32,2016,113867.0,0.954,9,0.576,1,6741,48165,20127,Morris,20,0.823,8,0.673,1,5808,48072,0.0057
30047,Lake,30,2018,1232.0,0.887,6,0.739,1,28987,38492,40049,Garvin,40,0.91,6,0.643,1,27421,38716,0.0145
48261,Kenedy,48,2017,21353.0,0.879,9,0.968,1,528,36563,20207,Woodson,20,0.805,9,0.715,1,3246,36863,0.0179
48411,San Saba,48,2015,3387.0,0.835,7,0.835,1,5901,38065,48247,Jim Hogg,48,0.811,6,0.54,1,5266,38013,0.0033
20175,Seward,20,2017,4607.0,0.86,5,0.287,0,23319,48621,48019,Bandera,48,0.811,1,0.899,0,20642,48587,0.0084
53001,Adams,53,2017,21963.0,0.861,6,0.389,1,18951,44533,48035,Bosque,48,0.914,6,0.768,1,18052,44339,0.011
49021,Iron,49,2016,101892.0,0.929,4,0.471,1,46725,42305,40097,Mayes,40,0.855,6,0.764,1,41084,42076,0.0204
49039,Sanpete,49,2016,4273.0,0.82,6,0.595,1,28129,48305,48019,Bandera,48,0.811,1,0.899,0,20642,48587,0.0307
12009,Brevard,12,2017,25045.0,0.982,2,0.241,1,548891,48483,12071,Lee,12,0.911,2,0.212,1,647554,47908,0.3186
12077,Liberty,12,2015,7907.0,0.867,8,0.929,1,8302,38990,48107,Crosby,48,0.843,2,0.407,1,6025,38668,0.0187
30061,Mineral,30,2015,41392.0,0.891,8,0.777,1,4230,33060,54015,Clay,54,0.819,3,0.975,1,9226,32933,0.0184
40099,Murray,40,2016,3535.0,0.914,7,0.644,1,13656,46536,48195,Hansford,48,0.89,7,0.346,1,5540,46181,0.03
30111,Yellowstone,30,2015,9908.0,0.865,3,0.257,1,151965,51743,12085,Martin,12,0.909,2,0.262,0,149658,51703,0.0073
06033,Lake,06,2015,655492.0,0.995,4,0.531,1,64209,35997,21125,Laurel,21,0.899,5,0.761,0,59535,35746,0.0189
16047,Gooding,16,2016,22639.0,0.983,7,0.537,1,15241,38447,48043,Brewster,48,0.884,7,0.64,1,9270,38589,0.0217
56039,Teton,56,2015,22987.0,0.868,7,0.758,1,21956,73572,48033,Borden,48,0.915,8,0.848,1,676,73333,0.0664
06063,Plumas,06,2017,64350.0,0.977,7,0.701,1,19286,48032,48019,Bandera,48,0.811,1,0.899,0,20642,48587,0.0314
08041,El Paso,08,2016,34538.0,0.92,2,0.298,1,645707,57487,06077,San Joaquin,06,0.85,2,0.161,1,701050,53253,0.3211
41015,Curry,41,2015,213767.0,0.916,7,0.477,1,22341,41939,48487,Wilbarger,48,0.846,6,0.262,1,13265,41901,0.0284
08119,Teller,08,2018,1415.0,0.976,2,0.869,0,23363,62559,48003,Andrews,48,0.86,6,0.495,1,16126,61250,0.0748
49051,Wasatch,49,2018,69762.0,0.901,6,0.639,1,25550,65582,08047,Gilpin,08,0.926,1,0.919,0,5557,65851,0.0674
16029,Caribou,16,2018,2395.0,0.933,6,0.529,1,6857,54481,48269,King,48,0.92,9,0.904,1,290,54583,0.0224
30043,Jefferson,30,2017,5448.0,0.824,9,0.812,1,11465,61460,48003,Andrews,48,0.86,6,0.495,1,16126,61250,0.0205
47001,Anderson,47,2016,6385.0,0.805,2,0.666,1,75346,44199,13127,Glynn,13,0.801,3,0.589,0,80937,45588,0.0787
48429,Stephens,48,2015,4139.0,0.933,7,0.594,1,9485,43082,16071,Oneida,16,0.984,8,0.599,1,4241,43078,0.0165
30081,Ravalli,30,2016,9353.0,0.989,6,0.834,1,40640,38366,01123,Tallapoosa,01,0.832,6,0.866,0,41295,38644,0.0157
53043,Lincoln,53,2015,31948.0,0.93,8,0.566,1,10409,47161,31031,Cherry,31,0.813,7,0.727,1,5749,46817,0.0226
08009,Baca,08,2017,58370.0,0.866,9,0.598,1,3735,38625,48107,Crosby,48,0.843,2,0.407,1,6025,38668,0.0073
41059,Umatilla,41,2018,16526.0,0.921,4,0.393,1,76645,47185,12035,Flagler,12,0.892,2,0.431,1,98843,47733,0.0721
30069,Petroleum,30,2015,33793.0,0.898,9,0.747,1,489,40250,30079,Prairie,30,0.825,9,0.545,1,1282,40580,0.0187
41031,Jefferson,41,2015,100807.0,0.95,6,0.685,1,21830,46588,48337,Montague,48,0.91,6,0.692,1,19568,45897,0.0391
48393,Roberts,48,2016,99546.0,0.999,9,0.762,1,924,73182,48033,Borden,48,0.915,8,0.848,1,676,73333,0.0088
51105,Lee,51,2016,1346.0,0.88,8,0.889,0,25380,31264,21133,Letcher,21,0.931,9,0.888,1,23965,31630,0.0221
35051,Sierra,35,2017,10496.0,0.816,6,0.39,1,11774,28855,21131,Leslie,21,0.937,9,0.978,1,11128,29156,0.0177
30063,Missoula,30,2015,93353.0,0.958,3,0.427,1,111011,47029,12035,Flagler,12,0.892,2,0.431,1,98843,47733,0.06
20019,Chautauqua,20,2016,2898.0,0.959,8,0.77,1,3572,39444,56027,Niobrara,56,0.812,9,0.67,1,2492,39567,0.0083
40061,Haskell,40,2016,6078.0,0.978,6,0.851,1,12839,35764,48093,Comanche,48,0.869,7,0.806,1,13755,35692,0.0054
06093,Siskiyou,06,2016,346272.0,0.972,6,0.627,1,44261,37495,54099,Wayne,54,0.823,2,0.679,1,41735,37491,0.008
08033,Dolores,08,2016,10178.0,0.82,9,0.796,1,1736,32578,54015,Clay,54,0.819,3,0.975,1,9226,32933,0.0286
48483,Wheeler,48,2016,96982.0,0.996,9,0.635,1,5587,54382,48269,King,48,0.92,9,0.904,1,290,54583,0.0218
48341,Moore,48,2018,1431.0,0.989,7,0.251,1,22172,48149,48019,Bandera,48,0.811,1,0.899,0,20642,48587,0.0263
16063,Lincoln,16,2015,138862.0,0.976,9,0.626,1,5246,41088,40055,Greer,40,0.87,7,0.538,1,6144,41020,0.0052
16025,Camas,16,2018,6441.0,0.902,9,0.755,1,1156,41250,20097,Kiowa,20,0.947,9,0.526,1,2529,41211,0.0052
20155,Reno,20,2017,8693.0,0.84,4,0.329,1,64223,44673,37093,Hoke,37,0.814,2,0.72,0,50034,43754,0.0634
49045,Tooele,49,2016,125635.0,0.99,1,0.319,1,59973,63077,48003,Andrews,48,0.86,6,0.495,1,16126,61250,0.1596
12045,Gulf,12,2018,9315.0,0.875,3,0.545,1,15781,40964,48307,McCulloch,48,0.833,7,0.661,1,8245,40908,0.0235
48219,Hockley,48,2017,9607.0,0.859,6,0.324,1,23205,50485,06011,Colusa,06,0.968,6,0.414,1,21424,50503,0.0059
16027,Canyon,16,2016,1208.0,0.827,2,0.448,1,195353,43108,22019,Calcasieu,22,0.845,3,0.339,0,194943,44045,0.0539
40025,Cimarron,40,2018,5069.0,0.931,9,0.553,1,2390,45647,20129,Morton,20,0.85,9,0.491,1,3159,45638,0.0026
06021,Glenn,06,2018,2355.0,0.957,6,0.491,1,28019,40106,40015,Caddo,40,0.877,6,0.6,1,29551,40170,0.0056
08071,Las Animas,08,2016,9622.0,0.869,7,0.613,1,14789,45707,48337,Montague,48,0.91,6,0.692,1,19568,45897,0.0171
48299,Llano,48,2018,1102.0,0.824,7,0.658,1,19272,45205,28131,Stone,28,0.919,6,0.927,0,17941,45141,0.0051
20197,Wabaunsee,20,2017,5036.0,0.884,3,0.706,1,7034,55018,20085,Jackson,20,0.808,3,0.777,1,13464,55296,0.0237
48205,Hartley,48,2016,31663.0,0.834,7,0.546,1,6091,65132,08047,Gilpin,08,0.926,1,0.919,0,5557,65851,0.0415
06079,San Luis Obispo,06,2015,65899.0,0.971,2,0.413,1,274184,59454,48167,Galveston,48,0.871,1,0.201,1,302276,61744,0.1461
53021,Franklin,53,2016,24322.0,0.886,2,0.221,1,84508,56719,12087,Monroe,12,0.975,4,0.08,1,75208,55449,0.074
12015,Charlotte,12,2017,5081.0,0.96,3,0.234,1,163151,44265,12061,Indian River,12,0.941,3,0.334,1,140918,44645,0.0768
27135,Roseau,27,2015,4449.0,0.849,7,0.69,1,15545,52256,16081,Teton,16,0.823,9,0.858,0,10212,52316,0.0177
